Region,Province,Province_pcode,Population
Region I (Ilocos Region),Ilocos Norte,PH012800000,1823
Region I (Ilocos Region),Ilocos Norte,PH012800000,32778
Region I (Ilocos Region),Ilocos Norte,PH012800000,32218
Region I (Ilocos Region),Ilocos Norte,PH012800000,14954
Region I (Ilocos Region),Ilocos Norte,PH012800000,56248
Region I (Ilocos Region),Ilocos Norte,PH012800000,9948
Region I (Ilocos Region),Ilocos Norte,PH012800000,1644
Region I (Ilocos Region),Ilocos Norte,PH012800000,12419
Region I (Ilocos Region),Ilocos Norte,PH012800000,39673
Region I (Ilocos Region),Ilocos Norte,PH012800000,3267
Region I (Ilocos Region),Ilocos Norte,PH012800000,19814
Region I (Ilocos Region),Ilocos Norte,PH012800000,116143
Region I (Ilocos Region),Ilocos Norte,PH012800000,18373
Region I (Ilocos Region),Ilocos Norte,PH012800000,11279
Region I (Ilocos Region),Ilocos Norte,PH012800000,25441
Region I (Ilocos Region),Ilocos Norte,PH012800000,25499
Region I (Ilocos Region),Ilocos Norte,PH012800000,29685
Region I (Ilocos Region),Ilocos Norte,PH012800000,22149
Region I (Ilocos Region),Ilocos Norte,PH012800000,17676
Region I (Ilocos Region),Ilocos Norte,PH012800000,38859
Region I (Ilocos Region),Ilocos Norte,PH012800000,25669
Region I (Ilocos Region),Ilocos Norte,PH012800000,24985
Region I (Ilocos Region),Ilocos Norte,PH012800000,32877
Region I (Ilocos Region),Ilocos Sur,PH012900000,6825
Region I (Ilocos Region),Ilocos Sur,PH012900000,7899
Region I (Ilocos Region),Ilocos Sur,PH012900000,36669
Region I (Ilocos Region),Ilocos Sur,PH012900000,12609
Region I (Ilocos Region),Ilocos Sur,PH012900000,38806
Region I (Ilocos Region),Ilocos Sur,PH012900000,62567
Region I (Ilocos Region),Ilocos Sur,PH012900000,20924
Region I (Ilocos Region),Ilocos Sur,PH012900000,17623
Region I (Ilocos Region),Ilocos Sur,PH012900000,11353
Region I (Ilocos Region),Ilocos Sur,PH012900000,5516
Region I (Ilocos Region),Ilocos Sur,PH012900000,4836
Region I (Ilocos Region),Ilocos Sur,PH012900000,32933
Region I (Ilocos Region),Ilocos Sur,PH012900000,5513
Region I (Ilocos Region),Ilocos Sur,PH012900000,44916
Region I (Ilocos Region),Ilocos Sur,PH012900000,8736
Region I (Ilocos Region),Ilocos Sur,PH012900000,11531
Region I (Ilocos Region),Ilocos Sur,PH012900000,7531
Region I (Ilocos Region),Ilocos Sur,PH012900000,8579
Region I (Ilocos Region),Ilocos Sur,PH012900000,8419
Region I (Ilocos Region),Ilocos Sur,PH012900000,27277
Region I (Ilocos Region),Ilocos Sur,PH012900000,13652
Region I (Ilocos Region),Ilocos Sur,PH012900000,15657
Region I (Ilocos Region),Ilocos Sur,PH012900000,14229
Region I (Ilocos Region),Ilocos Sur,PH012900000,41305
Region I (Ilocos Region),Ilocos Sur,PH012900000,25927
Region I (Ilocos Region),Ilocos Sur,PH012900000,31656
Region I (Ilocos Region),Ilocos Sur,PH012900000,19313
Region I (Ilocos Region),Ilocos Sur,PH012900000,28553
Region I (Ilocos Region),Ilocos Sur,PH012900000,3037
Region I (Ilocos Region),Ilocos Sur,PH012900000,26170
Region I (Ilocos Region),Ilocos Sur,PH012900000,5376
Region I (Ilocos Region),Ilocos Sur,PH012900000,12132
Region I (Ilocos Region),Ilocos Sur,PH012900000,40359
Region I (Ilocos Region),Ilocos Sur,PH012900000,57382
Region I (Ilocos Region),La Union,PH013300000,66406
Region I (Ilocos Region),La Union,PH013300000,49688
Region I (Ilocos Region),La Union,PH013300000,43591
Region I (Ilocos Region),La Union,PH013300000,14250
Region I (Ilocos Region),La Union,PH013300000,40225
Region I (Ilocos Region),La Union,PH013300000,37151
Region I (Ilocos Region),La Union,PH013300000,78902
Region I (Ilocos Region),La Union,PH013300000,8272
Region I (Ilocos Region),La Union,PH013300000,22698
Region I (Ilocos Region),La Union,PH013300000,36648
Region I (Ilocos Region),La Union,PH013300000,60000
Region I (Ilocos Region),La Union,PH013300000,23096
Region I (Ilocos Region),La Union,PH013300000,57906
Region I (Ilocos Region),La Union,PH013300000,127962
Region I (Ilocos Region),La Union,PH013300000,19650
Region I (Ilocos Region),La Union,PH013300000,39064
Region I (Ilocos Region),La Union,PH013300000,42021
Region I (Ilocos Region),La Union,PH013300000,12868
Region I (Ilocos Region),La Union,PH013300000,17490
Region I (Ilocos Region),La Union,PH013300000,30306
Region I (Ilocos Region),Pangasinan,PH015500000,28650
Region I (Ilocos Region),Pangasinan,PH015500000,43052
Region I (Ilocos Region),Pangasinan,PH015500000,93657
Region I (Ilocos Region),Pangasinan,PH015500000,45374
Region I (Ilocos Region),Pangasinan,PH015500000,41692
Region I (Ilocos Region),Pangasinan,PH015500000,58567
Region I (Ilocos Region),Pangasinan,PH015500000,35661
Region I (Ilocos Region),Pangasinan,PH015500000,54583
Region I (Ilocos Region),Pangasinan,PH015500000,35314
Region I (Ilocos Region),Pangasinan,PH015500000,34176
Region I (Ilocos Region),Pangasinan,PH015500000,123940
Region I (Ilocos Region),Pangasinan,PH015500000,55820
Region I (Ilocos Region),Pangasinan,PH015500000,86723
Region I (Ilocos Region),Pangasinan,PH015500000,89195
Region I (Ilocos Region),Pangasinan,PH015500000,69881
Region I (Ilocos Region),Pangasinan,PH015500000,25112
Region I (Ilocos Region),Pangasinan,PH015500000,98400
Region I (Ilocos Region),Pangasinan,PH015500000,177433
Region I (Ilocos Region),Pangasinan,PH015500000,31023
Region I (Ilocos Region),Pangasinan,PH015500000,25508
Region I (Ilocos Region),Pangasinan,PH015500000,25123
Region I (Ilocos Region),Pangasinan,PH015500000,106951
Region I (Ilocos Region),Pangasinan,PH015500000,25311
Region I (Ilocos Region),Pangasinan,PH015500000,135915
Region I (Ilocos Region),Pangasinan,PH015500000,73913
Region I (Ilocos Region),Pangasinan,PH015500000,112981
Region I (Ilocos Region),Pangasinan,PH015500000,75900
Region I (Ilocos Region),Pangasinan,PH015500000,39411
Region I (Ilocos Region),Pangasinan,PH015500000,25700
Region I (Ilocos Region),Pangasinan,PH015500000,72424
Region I (Ilocos Region),Pangasinan,PH015500000,65962
Region I (Ilocos Region),Pangasinan,PH015500000,200684
Region I (Ilocos Region),Pangasinan,PH015500000,87504
Region I (Ilocos Region),Pangasinan,PH015500000,43681
Region I (Ilocos Region),Pangasinan,PH015500000,58905
Region I (Ilocos Region),Pangasinan,PH015500000,36741
Region I (Ilocos Region),Pangasinan,PH015500000,33656
Region I (Ilocos Region),Pangasinan,PH015500000,86766
Region I (Ilocos Region),Pangasinan,PH015500000,34723
Region I (Ilocos Region),Pangasinan,PH015500000,15512
Region I (Ilocos Region),Pangasinan,PH015500000,50727
Region I (Ilocos Region),Pangasinan,PH015500000,36881
Region I (Ilocos Region),Pangasinan,PH015500000,45974
Region I (Ilocos Region),Pangasinan,PH015500000,78483
Region I (Ilocos Region),Pangasinan,PH015500000,52091
Region I (Ilocos Region),Pangasinan,PH015500000,139360
Region I (Ilocos Region),Pangasinan,PH015500000,65044
Region I (Ilocos Region),Pangasinan,PH015500000,33298
Region II (Cagayan Valley),Batanes,PH020900000,9205
Region II (Cagayan Valley),Batanes,PH020900000,2771
Region II (Cagayan Valley),Batanes,PH020900000,1396
Region II (Cagayan Valley),Batanes,PH020900000,1546
Region II (Cagayan Valley),Batanes,PH020900000,1611
Region II (Cagayan Valley),Batanes,PH020900000,1345
Region II (Cagayan Valley),Cagayan,PH021500000,34355
Region II (Cagayan Valley),Cagayan,PH021500000,40142
Region II (Cagayan Valley),Cagayan,PH021500000,35515
Region II (Cagayan Valley),Cagayan,PH021500000,50591
Region II (Cagayan Valley),Cagayan,PH021500000,70121
Region II (Cagayan Valley),Cagayan,PH021500000,87470
Region II (Cagayan Valley),Cagayan,PH021500000,36409
Region II (Cagayan Valley),Cagayan,PH021500000,31926
Region II (Cagayan Valley),Cagayan,PH021500000,17265
Region II (Cagayan Valley),Cagayan,PH021500000,26461
Region II (Cagayan Valley),Cagayan,PH021500000,30765
Region II (Cagayan Valley),Cagayan,PH021500000,39101
Region II (Cagayan Valley),Cagayan,PH021500000,58668
Region II (Cagayan Valley),Cagayan,PH021500000,41497
Region II (Cagayan Valley),Cagayan,PH021500000,30158
Region II (Cagayan Valley),Cagayan,PH021500000,47634
Region II (Cagayan Valley),Cagayan,PH021500000,41323
Region II (Cagayan Valley),Cagayan,PH021500000,24262
Region II (Cagayan Valley),Cagayan,PH021500000,50090
Region II (Cagayan Valley),Cagayan,PH021500000,24328
Region II (Cagayan Valley),Cagayan,PH021500000,18502
Region II (Cagayan Valley),Cagayan,PH021500000,25859
Region II (Cagayan Valley),Cagayan,PH021500000,35355
Region II (Cagayan Valley),Cagayan,PH021500000,4688
Region II (Cagayan Valley),Cagayan,PH021500000,20476
Region II (Cagayan Valley),Cagayan,PH021500000,28381
Region II (Cagayan Valley),Cagayan,PH021500000,88420
Region II (Cagayan Valley),Cagayan,PH021500000,65485
Region II (Cagayan Valley),Cagayan,PH021500000,168075
Region II (Cagayan Valley),Isabela,PH023100000,77727
Region II (Cagayan Valley),Isabela,PH023100000,45511
Region II (Cagayan Valley),Isabela,PH023100000,36589
Region II (Cagayan Valley),Isabela,PH023100000,31609
Region II (Cagayan Valley),Isabela,PH023100000,24773
Region II (Cagayan Valley),Isabela,PH023100000,54159
Region II (Cagayan Valley),Isabela,PH023100000,41073
Region II (Cagayan Valley),Isabela,PH023100000,135226
Region II (Cagayan Valley),Isabela,PH023100000,44474
Region II (Cagayan Valley),Isabela,PH023100000,5134
Region II (Cagayan Valley),Isabela,PH023100000,6309
Region II (Cagayan Valley),Isabela,PH023100000,82602
Region II (Cagayan Valley),Isabela,PH023100000,30800
Region II (Cagayan Valley),Isabela,PH023100000,154414
Region II (Cagayan Valley),Isabela,PH023100000,46954
Region II (Cagayan Valley),Isabela,PH023100000,20347
Region II (Cagayan Valley),Isabela,PH023100000,4901
Region II (Cagayan Valley),Isabela,PH023100000,27494
Region II (Cagayan Valley),Isabela,PH023100000,32245
Region II (Cagayan Valley),Isabela,PH023100000,33984
Region II (Cagayan Valley),Isabela,PH023100000,18238
Region II (Cagayan Valley),Isabela,PH023100000,26899
Region II (Cagayan Valley),Isabela,PH023100000,26499
Region II (Cagayan Valley),Isabela,PH023100000,54997
Region II (Cagayan Valley),Isabela,PH023100000,30431
Region II (Cagayan Valley),Isabela,PH023100000,65169
Region II (Cagayan Valley),Isabela,PH023100000,23696
Region II (Cagayan Valley),Isabela,PH023100000,21792
Region II (Cagayan Valley),Isabela,PH023100000,26727
Region II (Cagayan Valley),Isabela,PH023100000,33012
Region II (Cagayan Valley),Isabela,PH023100000,58712
Region II (Cagayan Valley),Isabela,PH023100000,67484
Region II (Cagayan Valley),Isabela,PH023100000,28675
Region II (Cagayan Valley),Isabela,PH023100000,27617
Region II (Cagayan Valley),Isabela,PH023100000,138649
Region II (Cagayan Valley),Isabela,PH023100000,24060
Region II (Cagayan Valley),Isabela,PH023100000,76757
Region II (Cagayan Valley),Nueva Vizcaya,PH025000000,17017
Region II (Cagayan Valley),Nueva Vizcaya,PH025000000,38453
Region II (Cagayan Valley),Nueva Vizcaya,PH025000000,36534
Region II (Cagayan Valley),Nueva Vizcaya,PH025000000,59012
Region II (Cagayan Valley),Nueva Vizcaya,PH025000000,65102
Region II (Cagayan Valley),Nueva Vizcaya,PH025000000,19649
Region II (Cagayan Valley),Nueva Vizcaya,PH025000000,29104
Region II (Cagayan Valley),Nueva Vizcaya,PH025000000,19905
Region II (Cagayan Valley),Nueva Vizcaya,PH025000000,41934
Region II (Cagayan Valley),Nueva Vizcaya,PH025000000,25844
Region II (Cagayan Valley),Nueva Vizcaya,PH025000000,22574
Region II (Cagayan Valley),Nueva Vizcaya,PH025000000,17874
Region II (Cagayan Valley),Nueva Vizcaya,PH025000000,62380
Region II (Cagayan Valley),Nueva Vizcaya,PH025000000,19126
Region II (Cagayan Valley),Nueva Vizcaya,PH025000000,8386
Region II (Cagayan Valley),Quirino,PH025700000,28888
Region II (Cagayan Valley),Quirino,PH025700000,31212
Region II (Cagayan Valley),Quirino,PH025700000,55750
Region II (Cagayan Valley),Quirino,PH025700000,40706
Region II (Cagayan Valley),Quirino,PH025700000,17294
Region II (Cagayan Valley),Quirino,PH025700000,24067
Region III (Central Luzon),Bataan,PH030800000,41960
Region III (Central Luzon),Bataan,PH030800000,28246
Region III (Central Luzon),Bataan,PH030800000,104228
Region III (Central Luzon),Bataan,PH030800000,115505
Region III (Central Luzon),Bataan,PH030800000,75309
Region III (Central Luzon),Bataan,PH030800000,80001
Region III (Central Luzon),Bataan,PH030800000,142996
Region III (Central Luzon),Bataan,PH030800000,33829
Region III (Central Luzon),Bataan,PH030800000,72753
Region III (Central Luzon),Bataan,PH030800000,60544
Region III (Central Luzon),Bataan,PH030800000,43766
Region III (Central Luzon),Bataan,PH030800000,36939
Region III (Central Luzon),Bulacan,PH031400000,62201
Region III (Central Luzon),Bulacan,PH031400000,82388
Region III (Central Luzon),Bulacan,PH031400000,153886
Region III (Central Luzon),Bulacan,PH031400000,132639
Region III (Central Luzon),Bulacan,PH031400000,81374
Region III (Central Luzon),Bulacan,PH031400000,70587
Region III (Central Luzon),Bulacan,PH031400000,114249
Region III (Central Luzon),Bulacan,PH031400000,106343
Region III (Central Luzon),Bulacan,PH031400000,132436
Region III (Central Luzon),Bulacan,PH031400000,264322
Region III (Central Luzon),Bulacan,PH031400000,244554
Region III (Central Luzon),Bulacan,PH031400000,215648
Region III (Central Luzon),Bulacan,PH031400000,115875
Region III (Central Luzon),Bulacan,PH031400000,60053
Region III (Central Luzon),Bulacan,PH031400000,117313
Region III (Central Luzon),Bulacan,PH031400000,54947
Region III (Central Luzon),Bulacan,PH031400000,111495
Region III (Central Luzon),Bulacan,PH031400000,109875
Region III (Central Luzon),Bulacan,PH031400000,114627
Region III (Central Luzon),Bulacan,PH031400000,717084
Region III (Central Luzon),Bulacan,PH031400000,165495
Region III (Central Luzon),Bulacan,PH031400000,102953
Region III (Central Luzon),Bulacan,PH031400000,291422
Region III (Central Luzon),Bulacan,PH031400000,24913
Region III (Central Luzon),Nueva Ecija,PH034900000,69488
Region III (Central Luzon),Nueva Ecija,PH034900000,69108
Region III (Central Luzon),Nueva Ecija,PH034900000,333077
Region III (Central Luzon),Nueva Ecija,PH034900000,86165
Region III (Central Luzon),Nueva Ecija,PH034900000,45311
Region III (Central Luzon),Nueva Ecija,PH034900000,70866
Region III (Central Luzon),Nueva Ecija,PH034900000,38628
Region III (Central Luzon),Nueva Ecija,PH034900000,119348
Region III (Central Luzon),Nueva Ecija,PH034900000,46916
Region III (Central Luzon),Nueva Ecija,PH034900000,53387
Region III (Central Luzon),Nueva Ecija,PH034900000,133282
Region III (Central Luzon),Nueva Ecija,PH034900000,79493
Region III (Central Luzon),Nueva Ecija,PH034900000,39254
Region III (Central Luzon),Nueva Ecija,PH034900000,30362
Region III (Central Luzon),Nueva Ecija,PH034900000,43321
Region III (Central Luzon),Nueva Ecija,PH034900000,46682
Region III (Central Luzon),Nueva Ecija,PH034900000,87628
Region III (Central Luzon),Nueva Ecija,PH034900000,16699
Region III (Central Luzon),Nueva Ecija,PH034900000,45012
Region III (Central Luzon),Nueva Ecija,PH034900000,32579
Region III (Central Luzon),Nueva Ecija,PH034900000,32425
Region III (Central Luzon),Nueva Ecija,PH034900000,44692
Region III (Central Luzon),Nueva Ecija,PH034900000,71409
Region III (Central Luzon),Nueva Ecija,PH034900000,82644
Region III (Central Luzon),Nueva Ecija,PH034900000,55502
Region III (Central Luzon),Nueva Ecija,PH034900000,150263
Region III (Central Luzon),Nueva Ecija,PH034900000,72883
Region III (Central Luzon),Nueva Ecija,PH034900000,74522
Region III (Central Luzon),Nueva Ecija,PH034900000,65373
Region III (Central Luzon),Nueva Ecija,PH034900000,137692
Region III (Central Luzon),Nueva Ecija,PH034900000,26475
Region III (Central Luzon),Nueva Ecija,PH034900000,54928
Region III (Central Luzon),Pampanga,PH035400000,510473
Region III (Central Luzon),Pampanga,PH035400000,114097
Region III (Central Luzon),Pampanga,PH035400000,145637
Region III (Central Luzon),Pampanga,PH035400000,48608
Region III (Central Luzon),Pampanga,PH035400000,120665
Region III (Central Luzon),Pampanga,PH035400000,139929
Region III (Central Luzon),Pampanga,PH035400000,123305
Region III (Central Luzon),Pampanga,PH035400000,170416
Region III (Central Luzon),Pampanga,PH035400000,288295
Region III (Central Luzon),Pampanga,PH035400000,80749
Region III (Central Luzon),Pampanga,PH035400000,122612
Region III (Central Luzon),Pampanga,PH035400000,61659
Region III (Central Luzon),Pampanga,PH035400000,161913
Region III (Central Luzon),Pampanga,PH035400000,51357
Region III (Central Luzon),Pampanga,PH035400000,137549
Region III (Central Luzon),Pampanga,PH035400000,326719
Region III (Central Luzon),Pampanga,PH035400000,58886
Region III (Central Luzon),Pampanga,PH035400000,58044
Region III (Central Luzon),Pampanga,PH035400000,58199
Region III (Central Luzon),Pampanga,PH035400000,43074
Region III (Central Luzon),Pampanga,PH035400000,42777
Region III (Central Luzon),Pampanga,PH035400000,28661
Region III (Central Luzon),Tarlac,PH036900000,12180
Region III (Central Luzon),Tarlac,PH036900000,76808
Region III (Central Luzon),Tarlac,PH036900000,86185
Region III (Central Luzon),Tarlac,PH036900000,155154
Region III (Central Luzon),Tarlac,PH036900000,169002
Region III (Central Luzon),Tarlac,PH036900000,91931
Region III (Central Luzon),Tarlac,PH036900000,67011
Region III (Central Luzon),Tarlac,PH036900000,34494
Region III (Central Luzon),Tarlac,PH036900000,59344
Region III (Central Luzon),Tarlac,PH036900000,97439
Region III (Central Luzon),Tarlac,PH036900000,24455
Region III (Central Luzon),Tarlac,PH036900000,22440
Region III (Central Luzon),Tarlac,PH036900000,12799
Region III (Central Luzon),Tarlac,PH036900000,26703
Region III (Central Luzon),Tarlac,PH036900000,51353
Region III (Central Luzon),Tarlac,PH036900000,366859
Region III (Central Luzon),Tarlac,PH036900000,67431
Region III (Central Luzon),Tarlac,PH036900000,38549
Region III (Central Luzon),Zambales,PH037100000,60687
Region III (Central Luzon),Zambales,PH037100000,27164
Region III (Central Luzon),Zambales,PH037100000,29232
Region III (Central Luzon),Zambales,PH037100000,84174
Region III (Central Luzon),Zambales,PH037100000,54050
Region III (Central Luzon),Zambales,PH037100000,50894
Region III (Central Luzon),Zambales,PH037100000,243668
Region III (Central Luzon),Zambales,PH037100000,36420
Region III (Central Luzon),Zambales,PH037100000,36046
Region III (Central Luzon),Zambales,PH037100000,24223
Region III (Central Luzon),Zambales,PH037100000,35275
Region III (Central Luzon),Zambales,PH037100000,29602
Region III (Central Luzon),Zambales,PH037100000,62201
Region III (Central Luzon),Zambales,PH037100000,120618
Region III (Central Luzon),Aurora,PH037700000,43191
Region III (Central Luzon),Aurora,PH037700000,24761
Region III (Central Luzon),Aurora,PH037700000,16020
Region III (Central Luzon),Aurora,PH037700000,11640
Region III (Central Luzon),Aurora,PH037700000,27421
Region III (Central Luzon),Aurora,PH037700000,31736
Region III (Central Luzon),Aurora,PH037700000,43321
Region III (Central Luzon),Aurora,PH037700000,29440
Region IV-A (CALABARZON),Batangas,PH041000000,40177
Region IV-A (CALABARZON),Batangas,PH041000000,26862
Region IV-A (CALABARZON),Batangas,PH041000000,99574
Region IV-A (CALABARZON),Batangas,PH041000000,25137
Region IV-A (CALABARZON),Batangas,PH041000000,353179
Region IV-A (CALABARZON),Batangas,PH041000000,101376
Region IV-A (CALABARZON),Batangas,PH041000000,93814
Region IV-A (CALABARZON),Batangas,PH041000000,60763
Region IV-A (CALABARZON),Batangas,PH041000000,34188
Region IV-A (CALABARZON),Batangas,PH041000000,57360
Region IV-A (CALABARZON),Batangas,PH041000000,43192
Region IV-A (CALABARZON),Batangas,PH041000000,104842
Region IV-A (CALABARZON),Batangas,PH041000000,59641
Region IV-A (CALABARZON),Batangas,PH041000000,384553
Region IV-A (CALABARZON),Batangas,PH041000000,45984
Region IV-A (CALABARZON),Batangas,PH041000000,47825
Region IV-A (CALABARZON),Batangas,PH041000000,67799
Region IV-A (CALABARZON),Batangas,PH041000000,31101
Region IV-A (CALABARZON),Batangas,PH041000000,145523
Region IV-A (CALABARZON),Batangas,PH041000000,51576
Region IV-A (CALABARZON),Batangas,PH041000000,127909
Region IV-A (CALABARZON),Batangas,PH041000000,85549
Region IV-A (CALABARZON),Batangas,PH041000000,123522
Region IV-A (CALABARZON),Batangas,PH041000000,35501
Region IV-A (CALABARZON),Batangas,PH041000000,24617
Region IV-A (CALABARZON),Batangas,PH041000000,71160
Region IV-A (CALABARZON),Batangas,PH041000000,25234
Region IV-A (CALABARZON),Batangas,PH041000000,252494
Region IV-A (CALABARZON),Batangas,PH041000000,61052
Region IV-A (CALABARZON),Batangas,PH041000000,51213
Region IV-A (CALABARZON),Batangas,PH041000000,194972
Region IV-A (CALABARZON),Batangas,PH041000000,40535
Region IV-A (CALABARZON),Batangas,PH041000000,18898
Region IV-A (CALABARZON),Batangas,PH041000000,46608
Region IV-A (CALABARZON),Cavite,PH042100000,53721
Region IV-A (CALABARZON),Cavite,PH042100000,41268
Region IV-A (CALABARZON),Cavite,PH042100000,654979
Region IV-A (CALABARZON),Cavite,PH042100000,124517
Region IV-A (CALABARZON),Cavite,PH042100000,104160
Region IV-A (CALABARZON),Cavite,PH042100000,710355
Region IV-A (CALABARZON),Cavite,PH042100000,27703
Region IV-A (CALABARZON),Cavite,PH042100000,361390
Region IV-A (CALABARZON),Cavite,PH042100000,529260
Region IV-A (CALABARZON),Cavite,PH042100000,67640
Region IV-A (CALABARZON),Cavite,PH042100000,86801
Region IV-A (CALABARZON),Cavite,PH042100000,23862
Region IV-A (CALABARZON),Cavite,PH042100000,40050
Region IV-A (CALABARZON),Cavite,PH042100000,34015
Region IV-A (CALABARZON),Cavite,PH042100000,138498
Region IV-A (CALABARZON),Cavite,PH042100000,48596
Region IV-A (CALABARZON),Cavite,PH042100000,130966
Region IV-A (CALABARZON),Cavite,PH042100000,281342
Region IV-A (CALABARZON),Cavite,PH042100000,79023
Region IV-A (CALABARZON),Cavite,PH042100000,257478
Region IV-A (CALABARZON),Cavite,PH042100000,27395
Region IV-A (CALABARZON),Cavite,PH042100000,215790
Region IV-A (CALABARZON),Cavite,PH042100000,172057
Region IV-A (CALABARZON),Laguna,PH043400000,51287
Region IV-A (CALABARZON),Laguna,PH043400000,67325
Region IV-A (CALABARZON),Laguna,PH043400000,375084
Region IV-A (CALABARZON),Laguna,PH043400000,362636
Region IV-A (CALABARZON),Laguna,PH043400000,509293
Region IV-A (CALABARZON),Laguna,PH043400000,84731
Region IV-A (CALABARZON),Laguna,PH043400000,22356
Region IV-A (CALABARZON),Laguna,PH043400000,17832
Region IV-A (CALABARZON),Laguna,PH043400000,25130
Region IV-A (CALABARZON),Laguna,PH043400000,38699
Region IV-A (CALABARZON),Laguna,PH043400000,120016
Region IV-A (CALABARZON),Laguna,PH043400000,20002
Region IV-A (CALABARZON),Laguna,PH043400000,31513
Region IV-A (CALABARZON),Laguna,PH043400000,22048
Region IV-A (CALABARZON),Laguna,PH043400000,27078
Region IV-A (CALABARZON),Laguna,PH043400000,28711
Region IV-A (CALABARZON),Laguna,PH043400000,65554
Region IV-A (CALABARZON),Laguna,PH043400000,26294
Region IV-A (CALABARZON),Laguna,PH043400000,44352
Region IV-A (CALABARZON),Laguna,PH043400000,21127
Region IV-A (CALABARZON),Laguna,PH043400000,25065
Region IV-A (CALABARZON),Laguna,PH043400000,53199
Region IV-A (CALABARZON),Laguna,PH043400000,18643
Region IV-A (CALABARZON),Laguna,PH043400000,279192
Region IV-A (CALABARZON),Laguna,PH043400000,350919
Region IV-A (CALABARZON),Laguna,PH043400000,122632
Region IV-A (CALABARZON),Laguna,PH043400000,34137
Region IV-A (CALABARZON),Laguna,PH043400000,415509
Region IV-A (CALABARZON),Laguna,PH043400000,40152
Region IV-A (CALABARZON),Laguna,PH043400000,43187
Region IV-A (CALABARZON),Quezon,PH045600000,14177
Region IV-A (CALABARZON),Quezon,PH045600000,15890
Region IV-A (CALABARZON),Quezon,PH045600000,65187
Region IV-A (CALABARZON),Quezon,PH045600000,30998
Region IV-A (CALABARZON),Quezon,PH045600000,29431
Region IV-A (CALABARZON),Quezon,PH045600000,76980
Region IV-A (CALABARZON),Quezon,PH045600000,124204
Region IV-A (CALABARZON),Quezon,PH045600000,76332
Region IV-A (CALABARZON),Quezon,PH045600000,30040
Region IV-A (CALABARZON),Quezon,PH045600000,27579
Region IV-A (CALABARZON),Quezon,PH045600000,33673
Region IV-A (CALABARZON),Quezon,PH045600000,48666
Region IV-A (CALABARZON),Quezon,PH045600000,78074
Region IV-A (CALABARZON),Quezon,PH045600000,73297
Region IV-A (CALABARZON),Quezon,PH045600000,7951
Region IV-A (CALABARZON),Quezon,PH045600000,99132
Region IV-A (CALABARZON),Quezon,PH045600000,56371
Region IV-A (CALABARZON),Quezon,PH045600000,286191
Region IV-A (CALABARZON),Quezon,PH045600000,29941
Region IV-A (CALABARZON),Quezon,PH045600000,66410
Region IV-A (CALABARZON),Quezon,PH045600000,55349
Region IV-A (CALABARZON),Quezon,PH045600000,24841
Region IV-A (CALABARZON),Quezon,PH045600000,84563
Region IV-A (CALABARZON),Quezon,PH045600000,14588
Region IV-A (CALABARZON),Quezon,PH045600000,15330
Region IV-A (CALABARZON),Quezon,PH045600000,12433
Region IV-A (CALABARZON),Quezon,PH045600000,24659
Region IV-A (CALABARZON),Quezon,PH045600000,11627
Region IV-A (CALABARZON),Quezon,PH045600000,33066
Region IV-A (CALABARZON),Quezon,PH045600000,15501
Region IV-A (CALABARZON),Quezon,PH045600000,36722
Region IV-A (CALABARZON),Quezon,PH045600000,14695
Region IV-A (CALABARZON),Quezon,PH045600000,37951
Region IV-A (CALABARZON),Quezon,PH045600000,35218
Region IV-A (CALABARZON),Quezon,PH045600000,64913
Region IV-A (CALABARZON),Quezon,PH045600000,51511
Region IV-A (CALABARZON),Quezon,PH045600000,159033
Region IV-A (CALABARZON),Quezon,PH045600000,52767
Region IV-A (CALABARZON),Quezon,PH045600000,108252
Region IV-A (CALABARZON),Quezon,PH045600000,107922
Region IV-A (CALABARZON),Quezon,PH045600000,28568
Region IV-A (CALABARZON),Rizal,PH045800000,119526
Region IV-A (CALABARZON),Rizal,PH045800000,847642
Region IV-A (CALABARZON),Rizal,PH045800000,116895
Region IV-A (CALABARZON),Rizal,PH045800000,305860
Region IV-A (CALABARZON),Rizal,PH045800000,326253
Region IV-A (CALABARZON),Rizal,PH045800000,49708
Region IV-A (CALABARZON),Rizal,PH045800000,33001
Region IV-A (CALABARZON),Rizal,PH045800000,440382
Region IV-A (CALABARZON),Rizal,PH045800000,63117
Region IV-A (CALABARZON),Rizal,PH045800000,67427
Region IV-A (CALABARZON),Rizal,PH045800000,298458
Region IV-A (CALABARZON),Rizal,PH045800000,136426
Region IV-A (CALABARZON),Rizal,PH045800000,336288
Region IV-A (CALABARZON),Rizal,PH045800000,67976
Region V (Bicol Region),Albay,PH050500000,72018
Region V (Bicol Region),Albay,PH050500000,70162
Region V (Bicol Region),Albay,PH050500000,137597
Region V (Bicol Region),Albay,PH050500000,88827
Region V (Bicol Region),Albay,PH050500000,17698
Region V (Bicol Region),Albay,PH050500000,211174
Region V (Bicol Region),Albay,PH050500000,78746
Region V (Bicol Region),Albay,PH050500000,117823
Region V (Bicol Region),Albay,PH050500000,39983
Region V (Bicol Region),Albay,PH050500000,47802
Region V (Bicol Region),Albay,PH050500000,26614
Region V (Bicol Region),Albay,PH050500000,71067
Region V (Bicol Region),Albay,PH050500000,48303
Region V (Bicol Region),Albay,PH050500000,94135
Region V (Bicol Region),Albay,PH050500000,37923
Region V (Bicol Region),Albay,PH050500000,37536
Region V (Bicol Region),Albay,PH050500000,142639
Region V (Bicol Region),Albay,PH050500000,56041
Region V (Bicol Region),Camarines Norte,PH051600000,43486
Region V (Bicol Region),Camarines Norte,PH051600000,33699
Region V (Bicol Region),Camarines Norte,PH051600000,113249
Region V (Bicol Region),Camarines Norte,PH051600000,15460
Region V (Bicol Region),Camarines Norte,PH051600000,63177
Region V (Bicol Region),Camarines Norte,PH051600000,109389
Region V (Bicol Region),Camarines Norte,PH051600000,53526
Region V (Bicol Region),Camarines Norte,PH051600000,64703
Region V (Bicol Region),Camarines Norte,PH051600000,10757
Region V (Bicol Region),Camarines Norte,PH051600000,41882
Region V (Bicol Region),Camarines Norte,PH051600000,27555
Region V (Bicol Region),Camarines Norte,PH051600000,45631
Region V (Bicol Region),Camarines Sur,PH051700000,61918
Region V (Bicol Region),Camarines Sur,PH051700000,32695
Region V (Bicol Region),Camarines Sur,PH051700000,55199
Region V (Bicol Region),Camarines Sur,PH051700000,17362
Region V (Bicol Region),Camarines Sur,PH051700000,79690
Region V (Bicol Region),Camarines Sur,PH051700000,71549
Region V (Bicol Region),Camarines Sur,PH051700000,18959
Region V (Bicol Region),Camarines Sur,PH051700000,86885
Region V (Bicol Region),Camarines Sur,PH051700000,25598
Region V (Bicol Region),Camarines Sur,PH051700000,35624
Region V (Bicol Region),Camarines Sur,PH051700000,49680
Region V (Bicol Region),Camarines Sur,PH051700000,27304
Region V (Bicol Region),Camarines Sur,PH051700000,12002
Region V (Bicol Region),Camarines Sur,PH051700000,28441
Region V (Bicol Region),Camarines Sur,PH051700000,67160
Region V (Bicol Region),Camarines Sur,PH051700000,116286
Region V (Bicol Region),Camarines Sur,PH051700000,58354
Region V (Bicol Region),Camarines Sur,PH051700000,115740
Region V (Bicol Region),Camarines Sur,PH051700000,33784
Region V (Bicol Region),Camarines Sur,PH051700000,26801
Region V (Bicol Region),Camarines Sur,PH051700000,33322
Region V (Bicol Region),Camarines Sur,PH051700000,55800
Region V (Bicol Region),Camarines Sur,PH051700000,86757
Region V (Bicol Region),Camarines Sur,PH051700000,213549
Region V (Bicol Region),Camarines Sur,PH051700000,47805
Region V (Bicol Region),Camarines Sur,PH051700000,37880
Region V (Bicol Region),Camarines Sur,PH051700000,51470
Region V (Bicol Region),Camarines Sur,PH051700000,95384
Region V (Bicol Region),Camarines Sur,PH051700000,21743
Region V (Bicol Region),Camarines Sur,PH051700000,60775
Region V (Bicol Region),Camarines Sur,PH051700000,37194
Region V (Bicol Region),Camarines Sur,PH051700000,36801
Region V (Bicol Region),Camarines Sur,PH051700000,42251
Region V (Bicol Region),Camarines Sur,PH051700000,66835
Region V (Bicol Region),Camarines Sur,PH051700000,18306
Region V (Bicol Region),Camarines Sur,PH051700000,60901
Region V (Bicol Region),Camarines Sur,PH051700000,71691
Region V (Bicol Region),Catanduanes,PH052000000,11833
Region V (Bicol Region),Catanduanes,PH052000000,13228
Region V (Bicol Region),Catanduanes,PH052000000,22208
Region V (Bicol Region),Catanduanes,PH052000000,31540
Region V (Bicol Region),Catanduanes,PH052000000,8586
Region V (Bicol Region),Catanduanes,PH052000000,21282
Region V (Bicol Region),Catanduanes,PH052000000,9495
Region V (Bicol Region),Catanduanes,PH052000000,37676
Region V (Bicol Region),Catanduanes,PH052000000,15647
Region V (Bicol Region),Catanduanes,PH052000000,22199
Region V (Bicol Region),Catanduanes,PH052000000,79247
Region V (Bicol Region),Masbate,PH054100000,94001
Region V (Bicol Region),Masbate,PH054100000,27325
Region V (Bicol Region),Masbate,PH054100000,39764
Region V (Bicol Region),Masbate,PH054100000,16080
Region V (Bicol Region),Masbate,PH054100000,51397
Region V (Bicol Region),Masbate,PH054100000,69839
Region V (Bicol Region),Masbate,PH054100000,45179
Region V (Bicol Region),Masbate,PH054100000,26831
Region V (Bicol Region),Masbate,PH054100000,19447
Region V (Bicol Region),Masbate,PH054100000,43550
Region V (Bicol Region),Masbate,PH054100000,103227
Region V (Bicol Region),Masbate,PH054100000,61105
Region V (Bicol Region),Masbate,PH054100000,41812
Region V (Bicol Region),Masbate,PH054100000,27485
Region V (Bicol Region),Masbate,PH054100000,26849
Region V (Bicol Region),Masbate,PH054100000,23730
Region V (Bicol Region),Masbate,PH054100000,57013
Region V (Bicol Region),Masbate,PH054100000,24348
Region V (Bicol Region),Masbate,PH054100000,32152
Region V (Bicol Region),Masbate,PH054100000,47992
Region V (Bicol Region),Masbate,PH054100000,57953
Region V (Bicol Region),Sorsogon,PH056200000,21646
Region V (Bicol Region),Sorsogon,PH056200000,106213
Region V (Bicol Region),Sorsogon,PH056200000,23683
Region V (Bicol Region),Sorsogon,PH056200000,34688
Region V (Bicol Region),Sorsogon,PH056200000,62819
Region V (Bicol Region),Sorsogon,PH056200000,51858
Region V (Bicol Region),Sorsogon,PH056200000,61747
Region V (Bicol Region),Sorsogon,PH056200000,61619
Region V (Bicol Region),Sorsogon,PH056200000,34306
Region V (Bicol Region),Sorsogon,PH056200000,38632
Region V (Bicol Region),Sorsogon,PH056200000,44607
Region V (Bicol Region),Sorsogon,PH056200000,80969
Region V (Bicol Region),Sorsogon,PH056200000,24437
Region V (Bicol Region),Sorsogon,PH056200000,17307
Region V (Bicol Region),Sorsogon,PH056200000,181187
Region VI (Western Visayas),Aklan,PH060400000,25091
Region VI (Western Visayas),Aklan,PH060400000,30174
Region VI (Western Visayas),Aklan,PH060400000,40384
Region VI (Western Visayas),Aklan,PH060400000,33505
Region VI (Western Visayas),Aklan,PH060400000,20546
Region VI (Western Visayas),Aklan,PH060400000,53149
Region VI (Western Visayas),Aklan,PH060400000,85388
Region VI (Western Visayas),Aklan,PH060400000,15640
Region VI (Western Visayas),Aklan,PH060400000,28390
Region VI (Western Visayas),Aklan,PH060400000,18502
Region VI (Western Visayas),Aklan,PH060400000,28780
Region VI (Western Visayas),Aklan,PH060400000,58820
Region VI (Western Visayas),Aklan,PH060400000,23269
Region VI (Western Visayas),Aklan,PH060400000,40756
Region VI (Western Visayas),Aklan,PH060400000,46446
Region VI (Western Visayas),Aklan,PH060400000,33373
Region VI (Western Visayas),Aklan,PH060400000,23371
Region VI (Western Visayas),Antique,PH060600000,21809
Region VI (Western Visayas),Antique,PH060600000,23372
Region VI (Western Visayas),Antique,PH060600000,14119
Region VI (Western Visayas),Antique,PH060600000,34634
Region VI (Western Visayas),Antique,PH060600000,41075
Region VI (Western Visayas),Antique,PH060600000,42904
Region VI (Western Visayas),Antique,PH060600000,35082
Region VI (Western Visayas),Antique,PH060600000,50654
Region VI (Western Visayas),Antique,PH060600000,26744
Region VI (Western Visayas),Antique,PH060600000,17001
Region VI (Western Visayas),Antique,PH060600000,35786
Region VI (Western Visayas),Antique,PH060600000,38834
Region VI (Western Visayas),Antique,PH060600000,66590
Region VI (Western Visayas),Antique,PH060600000,33059
Region VI (Western Visayas),Antique,PH060600000,18443
Region VI (Western Visayas),Antique,PH060600000,63925
Region VI (Western Visayas),Antique,PH060600000,28733
Region VI (Western Visayas),Antique,PH060600000,19690
Region VI (Western Visayas),Capiz,PH061900000,29379
Region VI (Western Visayas),Capiz,PH061900000,33063
Region VI (Western Visayas),Capiz,PH061900000,29632
Region VI (Western Visayas),Capiz,PH061900000,48300
Region VI (Western Visayas),Capiz,PH061900000,31387
Region VI (Western Visayas),Capiz,PH061900000,38329
Region VI (Western Visayas),Capiz,PH061900000,40385
Region VI (Western Visayas),Capiz,PH061900000,41595
Region VI (Western Visayas),Capiz,PH061900000,48771
Region VI (Western Visayas),Capiz,PH061900000,42679
Region VI (Western Visayas),Capiz,PH061900000,49080
Region VI (Western Visayas),Capiz,PH061900000,49335
Region VI (Western Visayas),Capiz,PH061900000,30768
Region VI (Western Visayas),Capiz,PH061900000,177847
Region VI (Western Visayas),Capiz,PH061900000,26844
Region VI (Western Visayas),Capiz,PH061900000,31106
Region VI (Western Visayas),Capiz,PH061900000,54583
Region VI (Western Visayas),Iloilo,PH063000000,56710
Region VI (Western Visayas),Iloilo,PH063000000,39458
Region VI (Western Visayas),Iloilo,PH063000000,29468
Region VI (Western Visayas),Iloilo,PH063000000,27743
Region VI (Western Visayas),Iloilo,PH063000000,36111
Region VI (Western Visayas),Iloilo,PH063000000,35145
Region VI (Western Visayas),Iloilo,PH063000000,55644
Region VI (Western Visayas),Iloilo,PH063000000,49632
Region VI (Western Visayas),Iloilo,PH063000000,22960
Region VI (Western Visayas),Iloilo,PH063000000,16844
Region VI (Western Visayas),Iloilo,PH063000000,61114
Region VI (Western Visayas),Iloilo,PH063000000,65751
Region VI (Western Visayas),Iloilo,PH063000000,72763
Region VI (Western Visayas),Iloilo,PH063000000,46159
Region VI (Western Visayas),Iloilo,PH063000000,46727
Region VI (Western Visayas),Iloilo,PH063000000,35178
Region VI (Western Visayas),Iloilo,PH063000000,71111
Region VI (Western Visayas),Iloilo,PH063000000,54078
Region VI (Western Visayas),Iloilo,PH063000000,34827
Region VI (Western Visayas),Iloilo,PH063000000,32879
Region VI (Western Visayas),Iloilo,PH063000000,471043
Region VI (Western Visayas),Iloilo,PH063000000,65652
Region VI (Western Visayas),Iloilo,PH063000000,77234
Region VI (Western Visayas),Iloilo,PH063000000,35154
Region VI (Western Visayas),Iloilo,PH063000000,33983
Region VI (Western Visayas),Iloilo,PH063000000,51511
Region VI (Western Visayas),Iloilo,PH063000000,38246
Region VI (Western Visayas),Iloilo,PH063000000,69611
Region VI (Western Visayas),Iloilo,PH063000000,24997
Region VI (Western Visayas),Iloilo,PH063000000,23971
Region VI (Western Visayas),Iloilo,PH063000000,94477
Region VI (Western Visayas),Iloilo,PH063000000,82746
Region VI (Western Visayas),Iloilo,PH063000000,68901
Region VI (Western Visayas),Iloilo,PH063000000,78119
Region VI (Western Visayas),Iloilo,PH063000000,43708
Region VI (Western Visayas),Iloilo,PH063000000,34911
Region VI (Western Visayas),Iloilo,PH063000000,53311
Region VI (Western Visayas),Iloilo,PH063000000,30055
Region VI (Western Visayas),Iloilo,PH063000000,18268
Region VI (Western Visayas),Iloilo,PH063000000,64185
Region VI (Western Visayas),Iloilo,PH063000000,57887
Region VI (Western Visayas),Iloilo,PH063000000,65725
Region VI (Western Visayas),Iloilo,PH063000000,23034
Region VI (Western Visayas),Iloilo,PH063000000,27180
Region VI (Western Visayas),Negros Occidental,PH064500000,603286
Region VI (Western Visayas),Negros Occidental,PH064500000,175879
Region VI (Western Visayas),Negros Occidental,PH064500000,68451
Region VI (Western Visayas),Negros Occidental,PH064500000,157438
Region VI (Western Visayas),Negros Occidental,PH064500000,81989
Region VI (Western Visayas),Negros Occidental,PH064500000,22171
Region VI (Western Visayas),Negros Occidental,PH064500000,105601
Region VI (Western Visayas),Negros Occidental,PH064500000,65301
Region VI (Western Visayas),Negros Occidental,PH064500000,96840
Region VI (Western Visayas),Negros Occidental,PH064500000,108855
Region VI (Western Visayas),Negros Occidental,PH064500000,87756
Region VI (Western Visayas),Negros Occidental,PH064500000,58003
Region VI (Western Visayas),Negros Occidental,PH064500000,59340
Region VI (Western Visayas),Negros Occidental,PH064500000,63663
Region VI (Western Visayas),Negros Occidental,PH064500000,193314
Region VI (Western Visayas),Negros Occidental,PH064500000,65692
Region VI (Western Visayas),Negros Occidental,PH064500000,77373
Region VI (Western Visayas),Negros Occidental,PH064500000,56027
Region VI (Western Visayas),Negros Occidental,PH064500000,42783
Region VI (Western Visayas),Negros Occidental,PH064500000,86013
Region VI (Western Visayas),Negros Occidental,PH064500000,54927
Region VI (Western Visayas),Negros Occidental,PH064500000,29685
Region VI (Western Visayas),Negros Occidental,PH064500000,149187
Region VI (Western Visayas),Negros Occidental,PH064500000,134689
Region VI (Western Visayas),Negros Occidental,PH064500000,24482
Region VI (Western Visayas),Negros Occidental,PH064500000,130606
Region VI (Western Visayas),Negros Occidental,PH064500000,71491
Region VI (Western Visayas),Negros Occidental,PH064500000,105040
Region VI (Western Visayas),Negros Occidental,PH064500000,42861
Region VI (Western Visayas),Negros Occidental,PH064500000,38577
Region VI (Western Visayas),Negros Occidental,PH064500000,89787
Region VI (Western Visayas),Negros Occidental,PH064500000,27282
Region VI (Western Visayas),Guimaras,PH067900000,53761
Region VI (Western Visayas),Guimaras,PH067900000,37332
Region VI (Western Visayas),Guimaras,PH067900000,41395
Region VI (Western Visayas),Guimaras,PH067900000,27992
Region VI (Western Visayas),Guimaras,PH067900000,24694
Region VII (Central Visayas),Bohol,PH071200000,11022
Region VII (Central Visayas),Bohol,PH071200000,24471
Region VII (Central Visayas),Bohol,PH071200000,16547
Region VII (Central Visayas),Bohol,PH071200000,14499
Region VII (Central Visayas),Bohol,PH071200000,22173
Region VII (Central Visayas),Bohol,PH071200000,18483
Region VII (Central Visayas),Bohol,PH071200000,13090
Region VII (Central Visayas),Bohol,PH071200000,17963
Region VII (Central Visayas),Bohol,PH071200000,27433
Region VII (Central Visayas),Bohol,PH071200000,31404
Region VII (Central Visayas),Bohol,PH071200000,29799
Region VII (Central Visayas),Bohol,PH071200000,48431
Region VII (Central Visayas),Bohol,PH071200000,22791
Region VII (Central Visayas),Bohol,PH071200000,20405
Region VII (Central Visayas),Bohol,PH071200000,9106
Region VII (Central Visayas),Bohol,PH071200000,18297
Region VII (Central Visayas),Bohol,PH071200000,19375
Region VII (Central Visayas),Bohol,PH071200000,17982
Region VII (Central Visayas),Bohol,PH071200000,50886
Region VII (Central Visayas),Bohol,PH071200000,14438
Region VII (Central Visayas),Bohol,PH071200000,18098
Region VII (Central Visayas),Bohol,PH071200000,25085
Region VII (Central Visayas),Bohol,PH071200000,32873
Region VII (Central Visayas),Bohol,PH071200000,47893
Region VII (Central Visayas),Bohol,PH071200000,34906
Region VII (Central Visayas),Bohol,PH071200000,33528
Region VII (Central Visayas),Bohol,PH071200000,12462
Region VII (Central Visayas),Bohol,PH071200000,17016
Region VII (Central Visayas),Bohol,PH071200000,16075
Region VII (Central Visayas),Bohol,PH071200000,43208
Region VII (Central Visayas),Bohol,PH071200000,27311
Region VII (Central Visayas),Bohol,PH071200000,20835
Region VII (Central Visayas),Bohol,PH071200000,38859
Region VII (Central Visayas),Bohol,PH071200000,27532
Region VII (Central Visayas),Bohol,PH071200000,23407
Region VII (Central Visayas),Bohol,PH071200000,24162
Region VII (Central Visayas),Bohol,PH071200000,8789
Region VII (Central Visayas),Bohol,PH071200000,24558
Region VII (Central Visayas),Bohol,PH071200000,10825
Region VII (Central Visayas),Bohol,PH071200000,24780
Region VII (Central Visayas),Bohol,PH071200000,6994
Region VII (Central Visayas),Bohol,PH071200000,111607
Region VII (Central Visayas),Bohol,PH071200000,71433
Region VII (Central Visayas),Bohol,PH071200000,34486
Region VII (Central Visayas),Bohol,PH071200000,46639
Region VII (Central Visayas),Bohol,PH071200000,77753
Region VII (Central Visayas),Bohol,PH071200000,27265
Region VII (Central Visayas),Bohol,PH071200000,28133
Region VII (Central Visayas),Cebu,PH072200000,16774
Region VII (Central Visayas),Cebu,PH072200000,19293
Region VII (Central Visayas),Cebu,PH072200000,24425
Region VII (Central Visayas),Cebu,PH072200000,36783
Region VII (Central Visayas),Cebu,PH072200000,74689
Region VII (Central Visayas),Cebu,PH072200000,50578
Region VII (Central Visayas),Cebu,PH072200000,39790
Region VII (Central Visayas),Cebu,PH072200000,104948
Region VII (Central Visayas),Cebu,PH072200000,83037
Region VII (Central Visayas),Cebu,PH072200000,82335
Region VII (Central Visayas),Cebu,PH072200000,86370
Region VII (Central Visayas),Cebu,PH072200000,17619
Region VII (Central Visayas),Cebu,PH072200000,39505
Region VII (Central Visayas),Cebu,PH072200000,132032
Region VII (Central Visayas),Cebu,PH072200000,58272
Region VII (Central Visayas),Cebu,PH072200000,32517
Region VII (Central Visayas),Cebu,PH072200000,971295
Region VII (Central Visayas),Cebu,PH072200000,52888
Region VII (Central Visayas),Cebu,PH072200000,157349
Region VII (Central Visayas),Cebu,PH072200000,69032
Region VII (Central Visayas),Cebu,PH072200000,94118
Region VII (Central Visayas),Cebu,PH072200000,71489
Region VII (Central Visayas),Cebu,PH072200000,154292
Region VII (Central Visayas),Cebu,PH072200000,55569
Region VII (Central Visayas),Cebu,PH072200000,16435
Region VII (Central Visayas),Cebu,PH072200000,464375
Region VII (Central Visayas),Cebu,PH072200000,135789
Region VII (Central Visayas),Cebu,PH072200000,37676
Region VII (Central Visayas),Cebu,PH072200000,20232
Region VII (Central Visayas),Cebu,PH072200000,390962
Region VII (Central Visayas),Cebu,PH072200000,60570
Region VII (Central Visayas),Cebu,PH072200000,150691
Region VII (Central Visayas),Cebu,PH072200000,34631
Region VII (Central Visayas),Cebu,PH072200000,130351
Region VII (Central Visayas),Cebu,PH072200000,29434
Region VII (Central Visayas),Cebu,PH072200000,11646
Region VII (Central Visayas),Cebu,PH072200000,74130
Region VII (Central Visayas),Cebu,PH072200000,26834
Region VII (Central Visayas),Cebu,PH072200000,22100
Region VII (Central Visayas),Cebu,PH072200000,23178
Region VII (Central Visayas),Cebu,PH072200000,71028
Region VII (Central Visayas),Cebu,PH072200000,63447
Region VII (Central Visayas),Cebu,PH072200000,63769
Region VII (Central Visayas),Cebu,PH072200000,29711
Region VII (Central Visayas),Cebu,PH072200000,19600
Region VII (Central Visayas),Cebu,PH072200000,52682
Region VII (Central Visayas),Cebu,PH072200000,39756
Region VII (Central Visayas),Cebu,PH072200000,45440
Region VII (Central Visayas),Cebu,PH072200000,29104
Region VII (Central Visayas),Cebu,PH072200000,253075
Region VII (Central Visayas),Cebu,PH072200000,182142
Region VII (Central Visayas),Cebu,PH072200000,68635
Region VII (Central Visayas),Cebu,PH072200000,12785
Region VII (Central Visayas),Negros Oriental,PH074600000,24476
Region VII (Central Visayas),Negros Oriental,PH074600000,47021
Region VII (Central Visayas),Negros Oriental,PH074600000,40089
Region VII (Central Visayas),Negros Oriental,PH074600000,77840
Region VII (Central Visayas),Negros Oriental,PH074600000,27585
Region VII (Central Visayas),Negros Oriental,PH074600000,120514
Region VII (Central Visayas),Negros Oriental,PH074600000,40520
Region VII (Central Visayas),Negros Oriental,PH074600000,57113
Region VII (Central Visayas),Negros Oriental,PH074600000,29727
Region VII (Central Visayas),Negros Oriental,PH074600000,138866
Region VII (Central Visayas),Negros Oriental,PH074600000,97467
Region VII (Central Visayas),Negros Oriental,PH074600000,32107
Region VII (Central Visayas),Negros Oriental,PH074600000,39211
Region VII (Central Visayas),Negros Oriental,PH074600000,81651
Region VII (Central Visayas),Negros Oriental,PH074600000,43114
Region VII (Central Visayas),Negros Oriental,PH074600000,39405
Region VII (Central Visayas),Negros Oriental,PH074600000,21243
Region VII (Central Visayas),Negros Oriental,PH074600000,77402
Region VII (Central Visayas),Negros Oriental,PH074600000,80240
Region VII (Central Visayas),Negros Oriental,PH074600000,66477
Region VII (Central Visayas),Negros Oriental,PH074600000,81781
Region VII (Central Visayas),Negros Oriental,PH074600000,36226
Region VII (Central Visayas),Negros Oriental,PH074600000,37486
Region VII (Central Visayas),Negros Oriental,PH074600000,39203
Region VII (Central Visayas),Negros Oriental,PH074600000,29510
Region VII (Central Visayas),Siquijor,PH076100000,6232
Region VII (Central Visayas),Siquijor,PH076100000,14669
Region VII (Central Visayas),Siquijor,PH076100000,20976
Region VII (Central Visayas),Siquijor,PH076100000,14167
Region VII (Central Visayas),Siquijor,PH076100000,16113
Region VII (Central Visayas),Siquijor,PH076100000,28300
Region VIII (Eastern Visayas),Eastern Samar,PH082600000,16774
Region VIII (Eastern Visayas),Eastern Samar,PH082600000,15360
Region VIII (Eastern Visayas),Eastern Samar,PH082600000,11182
Region VIII (Eastern Visayas),Eastern Samar,PH082600000,73701
Region VIII (Eastern Visayas),Eastern Samar,PH082600000,22099
Region VIII (Eastern Visayas),Eastern Samar,PH082600000,47794
Region VIII (Eastern Visayas),Eastern Samar,PH082600000,17035
Region VIII (Eastern Visayas),Eastern Samar,PH082600000,14526
Region VIII (Eastern Visayas),Eastern Samar,PH082600000,58883
Region VIII (Eastern Visayas),Eastern Samar,PH082600000,9017
Region VIII (Eastern Visayas),Eastern Samar,PH082600000,8320
Region VIII (Eastern Visayas),Eastern Samar,PH082600000,13814
Region VIII (Eastern Visayas),Eastern Samar,PH082600000,21052
Region VIII (Eastern Visayas),Eastern Samar,PH082600000,6030
Region VIII (Eastern Visayas),Eastern Samar,PH082600000,15787
Region VIII (Eastern Visayas),Eastern Samar,PH082600000,6767
Region VIII (Eastern Visayas),Eastern Samar,PH082600000,38053
Region VIII (Eastern Visayas),Eastern Samar,PH082600000,15618
Region VIII (Eastern Visayas),Eastern Samar,PH082600000,25073
Region VIII (Eastern Visayas),Eastern Samar,PH082600000,15143
Region VIII (Eastern Visayas),Eastern Samar,PH082600000,15436
Region VIII (Eastern Visayas),Eastern Samar,PH082600000,15464
Region VIII (Eastern Visayas),Eastern Samar,PH082600000,20567
Region VIII (Eastern Visayas),Leyte,PH083700000,61163
Region VIII (Eastern Visayas),Leyte,PH083700000,64203
Region VIII (Eastern Visayas),Leyte,PH083700000,51834
Region VIII (Eastern Visayas),Leyte,PH083700000,29678
Region VIII (Eastern Visayas),Leyte,PH083700000,34999
Region VIII (Eastern Visayas),Leyte,PH083700000,40607
Region VIII (Eastern Visayas),Leyte,PH083700000,114541
Region VIII (Eastern Visayas),Leyte,PH083700000,55937
Region VIII (Eastern Visayas),Leyte,PH083700000,32405
Region VIII (Eastern Visayas),Leyte,PH083700000,37125
Region VIII (Eastern Visayas),Leyte,PH083700000,54599
Region VIII (Eastern Visayas),Leyte,PH083700000,38470
Region VIII (Eastern Visayas),Leyte,PH083700000,52493
Region VIII (Eastern Visayas),Leyte,PH083700000,69460
Region VIII (Eastern Visayas),Leyte,PH083700000,21377
Region VIII (Eastern Visayas),Leyte,PH083700000,20910
Region VIII (Eastern Visayas),Leyte,PH083700000,49629
Region VIII (Eastern Visayas),Leyte,PH083700000,46306
Region VIII (Eastern Visayas),Leyte,PH083700000,26535
Region VIII (Eastern Visayas),Leyte,PH083700000,16816
Region VIII (Eastern Visayas),Leyte,PH083700000,65132
Region VIII (Eastern Visayas),Leyte,PH083700000,20584
Region VIII (Eastern Visayas),Leyte,PH083700000,43265
Region VIII (Eastern Visayas),Leyte,PH083700000,23541
Region VIII (Eastern Visayas),Leyte,PH083700000,28658
Region VIII (Eastern Visayas),Leyte,PH083700000,19418
Region VIII (Eastern Visayas),Leyte,PH083700000,34698
Region VIII (Eastern Visayas),Leyte,PH083700000,19598
Region VIII (Eastern Visayas),Leyte,PH083700000,32160
Region VIII (Eastern Visayas),Leyte,PH083700000,237041
Region VIII (Eastern Visayas),Leyte,PH083700000,76717
Region VIII (Eastern Visayas),Leyte,PH083700000,61289
Region VIII (Eastern Visayas),Leyte,PH083700000,19127
Region VIII (Eastern Visayas),Leyte,PH083700000,34399
Region VIII (Eastern Visayas),Leyte,PH083700000,21073
Region VIII (Eastern Visayas),Leyte,PH083700000,23434
Region VIII (Eastern Visayas),Leyte,PH083700000,36005
Region VIII (Eastern Visayas),Leyte,PH083700000,12497
Region VIII (Eastern Visayas),Leyte,PH083700000,260180
Region VIII (Eastern Visayas),Leyte,PH083700000,59297
Region VIII (Eastern Visayas),Leyte,PH083700000,24009
Region VIII (Eastern Visayas),Leyte,PH083700000,8633
Region VIII (Eastern Visayas),Leyte,PH083700000,44427
Region VIII (Eastern Visayas),Northern Samar,PH084800000,26809
Region VIII (Eastern Visayas),Northern Samar,PH084800000,12365
Region VIII (Eastern Visayas),Northern Samar,PH084800000,26139
Region VIII (Eastern Visayas),Northern Samar,PH084800000,13014
Region VIII (Eastern Visayas),Northern Samar,PH084800000,102053
Region VIII (Eastern Visayas),Northern Samar,PH084800000,33999
Region VIII (Eastern Visayas),Northern Samar,PH084800000,24218
Region VIII (Eastern Visayas),Northern Samar,PH084800000,63702
Region VIII (Eastern Visayas),Northern Samar,PH084800000,14132
Region VIII (Eastern Visayas),Northern Samar,PH084800000,39067
Region VIII (Eastern Visayas),Northern Samar,PH084800000,29612
Region VIII (Eastern Visayas),Northern Samar,PH084800000,15483
Region VIII (Eastern Visayas),Northern Samar,PH084800000,41601
Region VIII (Eastern Visayas),Northern Samar,PH084800000,35218
Region VIII (Eastern Visayas),Northern Samar,PH084800000,34547
Region VIII (Eastern Visayas),Northern Samar,PH084800000,10806
Region VIII (Eastern Visayas),Northern Samar,PH084800000,9304
Region VIII (Eastern Visayas),Northern Samar,PH084800000,27932
Region VIII (Eastern Visayas),Northern Samar,PH084800000,18795
Region VIII (Eastern Visayas),Northern Samar,PH084800000,34677
Region VIII (Eastern Visayas),Northern Samar,PH084800000,8139
Region VIII (Eastern Visayas),Northern Samar,PH084800000,16057
Region VIII (Eastern Visayas),Northern Samar,PH084800000,15481
Region VIII (Eastern Visayas),Northern Samar,PH084800000,15616
Region VIII (Eastern Visayas),Samar (Western Samar),PH086000000,9135
Region VIII (Eastern Visayas),Samar (Western Samar),PH086000000,59801
Region VIII (Eastern Visayas),Samar (Western Samar),PH086000000,192056
Region VIII (Eastern Visayas),Samar (Western Samar),PH086000000,24180
Region VIII (Eastern Visayas),Samar (Western Samar),PH086000000,112073
Region VIII (Eastern Visayas),Samar (Western Samar),PH086000000,43919
Region VIII (Eastern Visayas),Samar (Western Samar),PH086000000,36410
Region VIII (Eastern Visayas),Samar (Western Samar),PH086000000,14493
Region VIII (Eastern Visayas),Samar (Western Samar),PH086000000,19331
Region VIII (Eastern Visayas),Samar (Western Samar),PH086000000,18624
Region VIII (Eastern Visayas),Samar (Western Samar),PH086000000,7722
Region VIII (Eastern Visayas),Samar (Western Samar),PH086000000,15497
Region VIII (Eastern Visayas),Samar (Western Samar),PH086000000,20105
Region VIII (Eastern Visayas),Samar (Western Samar),PH086000000,8967
Region VIII (Eastern Visayas),Samar (Western Samar),PH086000000,8277
Region VIII (Eastern Visayas),Samar (Western Samar),PH086000000,27432
Region VIII (Eastern Visayas),Samar (Western Samar),PH086000000,44519
Region VIII (Eastern Visayas),Samar (Western Samar),PH086000000,13145
Region VIII (Eastern Visayas),Samar (Western Samar),PH086000000,8238
Region VIII (Eastern Visayas),Samar (Western Samar),PH086000000,25539
Region VIII (Eastern Visayas),Samar (Western Samar),PH086000000,29815
Region VIII (Eastern Visayas),Samar (Western Samar),PH086000000,31298
Region VIII (Eastern Visayas),Samar (Western Samar),PH086000000,16652
Region VIII (Eastern Visayas),Samar (Western Samar),PH086000000,8994
Region VIII (Eastern Visayas),Samar (Western Samar),PH086000000,17754
Region VIII (Eastern Visayas),Samar (Western Samar),PH086000000,8119
Region VIII (Eastern Visayas),Southern Leyte,PH086400000,8472
Region VIII (Eastern Visayas),Southern Leyte,PH086400000,29705
Region VIII (Eastern Visayas),Southern Leyte,PH086400000,31520
Region VIII (Eastern Visayas),Southern Leyte,PH086400000,12669
Region VIII (Eastern Visayas),Southern Leyte,PH086400000,15978
Region VIII (Eastern Visayas),Southern Leyte,PH086400000,25128
Region VIII (Eastern Visayas),Southern Leyte,PH086400000,89816
Region VIII (Eastern Visayas),Southern Leyte,PH086400000,27078
Region VIII (Eastern Visayas),Southern Leyte,PH086400000,23817
Region VIII (Eastern Visayas),Southern Leyte,PH086400000,11650
Region VIII (Eastern Visayas),Southern Leyte,PH086400000,10388
Region VIII (Eastern Visayas),Southern Leyte,PH086400000,31794
Region VIII (Eastern Visayas),Southern Leyte,PH086400000,14278
Region VIII (Eastern Visayas),Southern Leyte,PH086400000,15635
Region VIII (Eastern Visayas),Southern Leyte,PH086400000,10901
Region VIII (Eastern Visayas),Southern Leyte,PH086400000,13228
Region VIII (Eastern Visayas),Southern Leyte,PH086400000,48620
Region VIII (Eastern Visayas),Southern Leyte,PH086400000,17397
Region VIII (Eastern Visayas),Southern Leyte,PH086400000,6281
Region VIII (Eastern Visayas),Biliran,PH087800000,17274
Region VIII (Eastern Visayas),Biliran,PH087800000,17207
Region VIII (Eastern Visayas),Biliran,PH087800000,21498
Region VIII (Eastern Visayas),Biliran,PH087800000,23076
Region VIII (Eastern Visayas),Biliran,PH087800000,12555
Region VIII (Eastern Visayas),Biliran,PH087800000,20670
Region VIII (Eastern Visayas),Biliran,PH087800000,7464
Region VIII (Eastern Visayas),Biliran,PH087800000,59618
Region IX (Zamboanga Peninsula),Zamboanga Del Norte,PH097200000,85194
Region IX (Zamboanga Peninsula),Zamboanga Del Norte,PH097200000,137686
Region IX (Zamboanga Peninsula),Zamboanga Del Norte,PH097200000,46588
Region IX (Zamboanga Peninsula),Zamboanga Del Norte,PH097200000,8822
Region IX (Zamboanga Peninsula),Zamboanga Del Norte,PH097200000,42151
Region IX (Zamboanga Peninsula),Zamboanga Del Norte,PH097200000,40507
Region IX (Zamboanga Peninsula),Zamboanga Del Norte,PH097200000,37228
Region IX (Zamboanga Peninsula),Zamboanga Del Norte,PH097200000,13035
Region IX (Zamboanga Peninsula),Zamboanga Del Norte,PH097200000,20513
Region IX (Zamboanga Peninsula),Zamboanga Del Norte,PH097200000,40163
Region IX (Zamboanga Peninsula),Zamboanga Del Norte,PH097200000,40143
Region IX (Zamboanga Peninsula),Zamboanga Del Norte,PH097200000,14266
Region IX (Zamboanga Peninsula),Zamboanga Del Norte,PH097200000,32823
Region IX (Zamboanga Peninsula),Zamboanga Del Norte,PH097200000,30801
Region IX (Zamboanga Peninsula),Zamboanga Del Norte,PH097200000,35514
Region IX (Zamboanga Peninsula),Zamboanga Del Norte,PH097200000,36359
Region IX (Zamboanga Peninsula),Zamboanga Del Norte,PH097200000,18032
Region IX (Zamboanga Peninsula),Zamboanga Del Norte,PH097200000,102052
Region IX (Zamboanga Peninsula),Zamboanga Del Norte,PH097200000,51140
Region IX (Zamboanga Peninsula),Zamboanga Del Norte,PH097200000,32569
Region IX (Zamboanga Peninsula),Zamboanga Del Norte,PH097200000,24904
Region IX (Zamboanga Peninsula),Zamboanga Del Norte,PH097200000,27866
Region IX (Zamboanga Peninsula),Zamboanga Del Norte,PH097200000,36247
Region IX (Zamboanga Peninsula),Zamboanga Del Norte,PH097200000,23384
Region IX (Zamboanga Peninsula),Zamboanga Del Norte,PH097200000,17728
Region IX (Zamboanga Peninsula),Zamboanga Del Norte,PH097200000,27098
Region IX (Zamboanga Peninsula),Zamboanga Del Norte,PH097200000,24479
Region IX (Zamboanga Peninsula),Zamboanga Del Sur,PH097300000,51498
Region IX (Zamboanga Peninsula),Zamboanga Del Sur,PH097300000,36210
Region IX (Zamboanga Peninsula),Zamboanga Del Sur,PH097300000,31541
Region IX (Zamboanga Peninsula),Zamboanga Del Sur,PH097300000,36002
Region IX (Zamboanga Peninsula),Zamboanga Del Sur,PH097300000,32471
Region IX (Zamboanga Peninsula),Zamboanga Del Sur,PH097300000,48162
Region IX (Zamboanga Peninsula),Zamboanga Del Sur,PH097300000,28889
Region IX (Zamboanga Peninsula),Zamboanga Del Sur,PH097300000,43122
Region IX (Zamboanga Peninsula),Zamboanga Del Sur,PH097300000,27685
Region IX (Zamboanga Peninsula),Zamboanga Del Sur,PH097300000,47179
Region IX (Zamboanga Peninsula),Zamboanga Del Sur,PH097300000,38978
Region IX (Zamboanga Peninsula),Zamboanga Del Sur,PH097300000,32487
Region IX (Zamboanga Peninsula),Zamboanga Del Sur,PH097300000,53462
Region IX (Zamboanga Peninsula),Zamboanga Del Sur,PH097300000,205115
Region IX (Zamboanga Peninsula),Zamboanga Del Sur,PH097300000,26925
Region IX (Zamboanga Peninsula),Zamboanga Del Sur,PH097300000,19555
Region IX (Zamboanga Peninsula),Zamboanga Del Sur,PH097300000,26419
Region IX (Zamboanga Peninsula),Zamboanga Del Sur,PH097300000,25380
Region IX (Zamboanga Peninsula),Zamboanga Del Sur,PH097300000,36648
Region IX (Zamboanga Peninsula),Zamboanga Del Sur,PH097300000,40519
Region IX (Zamboanga Peninsula),Zamboanga Del Sur,PH097300000,889884
Region IX (Zamboanga Peninsula),Zamboanga Del Sur,PH097300000,20649
Region IX (Zamboanga Peninsula),Zamboanga Del Sur,PH097300000,12420
Region IX (Zamboanga Peninsula),Zamboanga Del Sur,PH097300000,27773
Region IX (Zamboanga Peninsula),Zamboanga Del Sur,PH097300000,19903
Region IX (Zamboanga Peninsula),Zamboanga Del Sur,PH097300000,26391
Region IX (Zamboanga Peninsula),Zamboanga Del Sur,PH097300000,21042
Region IX (Zamboanga Peninsula),Zamboanga Del Sur,PH097300000,22028
Region IX (Zamboanga Peninsula),Zamboanga Sibugay,PH098300000,37290
Region IX (Zamboanga Peninsula),Zamboanga Sibugay,PH098300000,37777
Region IX (Zamboanga Peninsula),Zamboanga Sibugay,PH098300000,33613
Region IX (Zamboanga Peninsula),Zamboanga Sibugay,PH098300000,28892
Region IX (Zamboanga Peninsula),Zamboanga Sibugay,PH098300000,83875
Region IX (Zamboanga Peninsula),Zamboanga Sibugay,PH098300000,46588
Region IX (Zamboanga Peninsula),Zamboanga Sibugay,PH098300000,40224
Region IX (Zamboanga Peninsula),Zamboanga Sibugay,PH098300000,35015
Region IX (Zamboanga Peninsula),Zamboanga Sibugay,PH098300000,39787
Region IX (Zamboanga Peninsula),Zamboanga Sibugay,PH098300000,38533
Region IX (Zamboanga Peninsula),Zamboanga Sibugay,PH098300000,33136
Region IX (Zamboanga Peninsula),Zamboanga Sibugay,PH098300000,49960
Region IX (Zamboanga Peninsula),Zamboanga Sibugay,PH098300000,44336
Region IX (Zamboanga Peninsula),Zamboanga Sibugay,PH098300000,34667
Region IX (Zamboanga Peninsula),Zamboanga Sibugay,PH098300000,52145
Region IX (Zamboanga Peninsula),Zamboanga Sibugay,PH098300000,43566
Region IX (Zamboanga Peninsula),City Of Isabela (Not A Province),PH099700000,127728
Region X (Northern Mindanao),Bukidnon,PH101300000,35475
Region X (Northern Mindanao),Bukidnon,PH101300000,34915
Region X (Northern Mindanao),Bukidnon,PH101300000,24525
Region X (Northern Mindanao),Bukidnon,PH101300000,69005
Region X (Northern Mindanao),Bukidnon,PH101300000,51282
Region X (Northern Mindanao),Bukidnon,PH101300000,35133
Region X (Northern Mindanao),Bukidnon,PH101300000,42980
Region X (Northern Mindanao),Bukidnon,PH101300000,42789
Region X (Northern Mindanao),Bukidnon,PH101300000,51719
Region X (Northern Mindanao),Bukidnon,PH101300000,66558
Region X (Northern Mindanao),Bukidnon,PH101300000,47843
Region X (Northern Mindanao),Bukidnon,PH101300000,193919
Region X (Northern Mindanao),Bukidnon,PH101300000,25548
Region X (Northern Mindanao),Bukidnon,PH101300000,107641
Region X (Northern Mindanao),Bukidnon,PH101300000,111728
Region X (Northern Mindanao),Bukidnon,PH101300000,56498
Region X (Northern Mindanao),Bukidnon,PH101300000,111826
Region X (Northern Mindanao),Bukidnon,PH101300000,61185
Region X (Northern Mindanao),Bukidnon,PH101300000,29122
Region X (Northern Mindanao),Bukidnon,PH101300000,74759
Region X (Northern Mindanao),Bukidnon,PH101300000,200615
Region X (Northern Mindanao),Bukidnon,PH101300000,35124
Region X (Northern Mindanao),Camiguin,PH101800000,17172
Region X (Northern Mindanao),Camiguin,PH101800000,6954
Region X (Northern Mindanao),Camiguin,PH101800000,14399
Region X (Northern Mindanao),Camiguin,PH101800000,40652
Region X (Northern Mindanao),Camiguin,PH101800000,13254
Region X (Northern Mindanao),Lanao Del Norte,PH103500000,23833
Region X (Northern Mindanao),Lanao Del Norte,PH103500000,65779
Region X (Northern Mindanao),Lanao Del Norte,PH103500000,23817
Region X (Northern Mindanao),Lanao Del Norte,PH103500000,355564
Region X (Northern Mindanao),Lanao Del Norte,PH103500000,71220
Region X (Northern Mindanao),Lanao Del Norte,PH103500000,60017
Region X (Northern Mindanao),Lanao Del Norte,PH103500000,28072
Region X (Northern Mindanao),Lanao Del Norte,PH103500000,27942
Region X (Northern Mindanao),Lanao Del Norte,PH103500000,70078
Region X (Northern Mindanao),Lanao Del Norte,PH103500000,23005
Region X (Northern Mindanao),Lanao Del Norte,PH103500000,21395
Region X (Northern Mindanao),Lanao Del Norte,PH103500000,22781
Region X (Northern Mindanao),Lanao Del Norte,PH103500000,15557
Region X (Northern Mindanao),Lanao Del Norte,PH103500000,38229
Region X (Northern Mindanao),Lanao Del Norte,PH103500000,20156
Region X (Northern Mindanao),Lanao Del Norte,PH103500000,32574
Region X (Northern Mindanao),Lanao Del Norte,PH103500000,30279
Region X (Northern Mindanao),Lanao Del Norte,PH103500000,36046
Region X (Northern Mindanao),Lanao Del Norte,PH103500000,22750
Region X (Northern Mindanao),Lanao Del Norte,PH103500000,14649
Region X (Northern Mindanao),Lanao Del Norte,PH103500000,17757
Region X (Northern Mindanao),Lanao Del Norte,PH103500000,48802
Region X (Northern Mindanao),Lanao Del Norte,PH103500000,24968
Region X (Northern Mindanao),Misamis Occidental,PH104200000,28293
Region X (Northern Mindanao),Misamis Occidental,PH104200000,17593
Region X (Northern Mindanao),Misamis Occidental,PH104200000,33127
Region X (Northern Mindanao),Misamis Occidental,PH104200000,22200
Region X (Northern Mindanao),Misamis Occidental,PH104200000,38565
Region X (Northern Mindanao),Misamis Occidental,PH104200000,15376
Region X (Northern Mindanao),Misamis Occidental,PH104200000,29419
Region X (Northern Mindanao),Misamis Occidental,PH104200000,25703
Region X (Northern Mindanao),Misamis Occidental,PH104200000,72284
Region X (Northern Mindanao),Misamis Occidental,PH104200000,148612
Region X (Northern Mindanao),Misamis Occidental,PH104200000,10429
Region X (Northern Mindanao),Misamis Occidental,PH104200000,41652
Region X (Northern Mindanao),Misamis Occidental,PH104200000,20414
Region X (Northern Mindanao),Misamis Occidental,PH104200000,18788
Region X (Northern Mindanao),Misamis Occidental,PH104200000,64519
Region X (Northern Mindanao),Misamis Occidental,PH104200000,29755
Region X (Northern Mindanao),Misamis Occidental,PH104200000,10429
Region X (Northern Mindanao),Misamis Oriental,PH104300000,32300
Region X (Northern Mindanao),Misamis Oriental,PH104300000,69387
Region X (Northern Mindanao),Misamis Oriental,PH104300000,11713
Region X (Northern Mindanao),Misamis Oriental,PH104300000,8135
Region X (Northern Mindanao),Misamis Oriental,PH104300000,738987
Region X (Northern Mindanao),Misamis Oriental,PH104300000,52362
Region X (Northern Mindanao),Misamis Oriental,PH104300000,54737
Region X (Northern Mindanao),Misamis Oriental,PH104300000,129317
Region X (Northern Mindanao),Misamis Oriental,PH104300000,16942
Region X (Northern Mindanao),Misamis Oriental,PH104300000,34826
Region X (Northern Mindanao),Misamis Oriental,PH104300000,57781
Region X (Northern Mindanao),Misamis Oriental,PH104300000,15799
Region X (Northern Mindanao),Misamis Oriental,PH104300000,23667
Region X (Northern Mindanao),Misamis Oriental,PH104300000,26585
Region X (Northern Mindanao),Misamis Oriental,PH104300000,12870
Region X (Northern Mindanao),Misamis Oriental,PH104300000,20470
Region X (Northern Mindanao),Misamis Oriental,PH104300000,35807
Region X (Northern Mindanao),Misamis Oriental,PH104300000,29473
Region X (Northern Mindanao),Misamis Oriental,PH104300000,34091
Region X (Northern Mindanao),Misamis Oriental,PH104300000,23191
Region X (Northern Mindanao),Misamis Oriental,PH104300000,70465
Region X (Northern Mindanao),Misamis Oriental,PH104300000,29702
Region X (Northern Mindanao),Misamis Oriental,PH104300000,9572
Region X (Northern Mindanao),Misamis Oriental,PH104300000,81503
Region X (Northern Mindanao),Misamis Oriental,PH104300000,25361
Region X (Northern Mindanao),Misamis Oriental,PH104300000,46959
REGION XI (DAVAO REGION),Davao Del Norte,PH112300000,60970
REGION XI (DAVAO REGION),Davao Del Norte,PH112300000,77897
REGION XI (DAVAO REGION),Davao Del Norte,PH112300000,82319
REGION XI (DAVAO REGION),Davao Del Norte,PH112300000,57334
REGION XI (DAVAO REGION),Davao Del Norte,PH112300000,189127
REGION XI (DAVAO REGION),Davao Del Norte,PH112300000,109254
REGION XI (DAVAO REGION),Davao Del Norte,PH112300000,124680
REGION XI (DAVAO REGION),Davao Del Norte,PH112300000,268122
REGION XI (DAVAO REGION),Davao Del Norte,PH112300000,28560
REGION XI (DAVAO REGION),Davao Del Norte,PH112300000,30940
REGION XI (DAVAO REGION),Davao Del Norte,PH112300000,27254
REGION XI (DAVAO REGION),Davao Del Sur,PH112400000,64448
REGION XI (DAVAO REGION),Davao Del Sur,PH112400000,1827910
REGION XI (DAVAO REGION),Davao Del Sur,PH112400000,190142
REGION XI (DAVAO REGION),Davao Del Sur,PH112400000,57628
REGION XI (DAVAO REGION),Davao Del Sur,PH112400000,53329
REGION XI (DAVAO REGION),Davao Del Sur,PH112400000,58782
REGION XI (DAVAO REGION),Davao Del Sur,PH112400000,42294
REGION XI (DAVAO REGION),Davao Del Sur,PH112400000,62358
REGION XI (DAVAO REGION),Davao Del Sur,PH112400000,27449
REGION XI (DAVAO REGION),Davao Del Sur,PH112400000,101446
REGION XI (DAVAO REGION),Davao Del Sur,PH112400000,35066
REGION XI (DAVAO REGION),Davao Oriental,PH112500000,58909
REGION XI (DAVAO REGION),Davao Oriental,PH112500000,43004
REGION XI (DAVAO REGION),Davao Oriental,PH112500000,14374
REGION XI (DAVAO REGION),Davao Oriental,PH112500000,43844
REGION XI (DAVAO REGION),Davao Oriental,PH112500000,42726
REGION XI (DAVAO REGION),Davao Oriental,PH112500000,59844
REGION XI (DAVAO REGION),Davao Oriental,PH112500000,69710
REGION XI (DAVAO REGION),Davao Oriental,PH112500000,44691
REGION XI (DAVAO REGION),Davao Oriental,PH112500000,156527
REGION XI (DAVAO REGION),Davao Oriental,PH112500000,39705
REGION XI (DAVAO REGION),Davao Oriental,PH112500000,27197
REGION XI (DAVAO REGION),Compostela Valley,PH118200000,90568
REGION XI (DAVAO REGION),Compostela Valley,PH118200000,76487
REGION XI (DAVAO REGION),Compostela Valley,PH118200000,44319
REGION XI (DAVAO REGION),Compostela Valley,PH118200000,88263
REGION XI (DAVAO REGION),Compostela Valley,PH118200000,64476
REGION XI (DAVAO REGION),Compostela Valley,PH118200000,38032
REGION XI (DAVAO REGION),Compostela Valley,PH118200000,96926
REGION XI (DAVAO REGION),Compostela Valley,PH118200000,46611
REGION XI (DAVAO REGION),Compostela Valley,PH118200000,89176
REGION XI (DAVAO REGION),Compostela Valley,PH118200000,48975
REGION XI (DAVAO REGION),Compostela Valley,PH118200000,90269
REGION XI (DAVAO REGION),Davao Occidental,PH118600000,47121
REGION XI (DAVAO REGION),Davao Occidental,PH118600000,83143
REGION XI (DAVAO REGION),Davao Occidental,PH118600000,125885
REGION XI (DAVAO REGION),Davao Occidental,PH118600000,58028
REGION XI (DAVAO REGION),Davao Occidental,PH118600000,24748
REGION XII (SOCCSKSARGEN),Cotabato (North Cotabato),PH124700000,71351
REGION XII (SOCCSKSARGEN),Cotabato (North Cotabato),PH124700000,108025
REGION XII (SOCCSKSARGEN),Cotabato (North Cotabato),PH124700000,95519
REGION XII (SOCCSKSARGEN),Cotabato (North Cotabato),PH124700000,152597
REGION XII (SOCCSKSARGEN),Cotabato (North Cotabato),PH124700000,51703
REGION XII (SOCCSKSARGEN),Cotabato (North Cotabato),PH124700000,52711
REGION XII (SOCCSKSARGEN),Cotabato (North Cotabato),PH124700000,88776
REGION XII (SOCCSKSARGEN),Cotabato (North Cotabato),PH124700000,83368
REGION XII (SOCCSKSARGEN),Cotabato (North Cotabato),PH124700000,166735
REGION XII (SOCCSKSARGEN),Cotabato (North Cotabato),PH124700000,101376
REGION XII (SOCCSKSARGEN),Cotabato (North Cotabato),PH124700000,73068
REGION XII (SOCCSKSARGEN),Cotabato (North Cotabato),PH124700000,204157
REGION XII (SOCCSKSARGEN),Cotabato (North Cotabato),PH124700000,50394
REGION XII (SOCCSKSARGEN),Cotabato (North Cotabato),PH124700000,59324
REGION XII (SOCCSKSARGEN),Cotabato (North Cotabato),PH124700000,26563
REGION XII (SOCCSKSARGEN),Cotabato (North Cotabato),PH124700000,47005
REGION XII (SOCCSKSARGEN),Cotabato (North Cotabato),PH124700000,42393
REGION XII (SOCCSKSARGEN),Cotabato (North Cotabato),PH124700000,52084
REGION XII (SOCCSKSARGEN),South Cotabato,PH126300000,90912
REGION XII (SOCCSKSARGEN),South Cotabato,PH126300000,645699
REGION XII (SOCCSKSARGEN),South Cotabato,PH126300000,190913
REGION XII (SOCCSKSARGEN),South Cotabato,PH126300000,49277
REGION XII (SOCCSKSARGEN),South Cotabato,PH126300000,165593
REGION XII (SOCCSKSARGEN),South Cotabato,PH126300000,91840
REGION XII (SOCCSKSARGEN),South Cotabato,PH126300000,42081
REGION XII (SOCCSKSARGEN),South Cotabato,PH126300000,45688
REGION XII (SOCCSKSARGEN),South Cotabato,PH126300000,104359
REGION XII (SOCCSKSARGEN),South Cotabato,PH126300000,76792
REGION XII (SOCCSKSARGEN),South Cotabato,PH126300000,43008
REGION XII (SOCCSKSARGEN),South Cotabato,PH126300000,98094
REGION XII (SOCCSKSARGEN),Sultan Kudarat,PH126500000,68827
REGION XII (SOCCSKSARGEN),Sultan Kudarat,PH126500000,38585
REGION XII (SOCCSKSARGEN),Sultan Kudarat,PH126500000,67695
REGION XII (SOCCSKSARGEN),Sultan Kudarat,PH126500000,92877
REGION XII (SOCCSKSARGEN),Sultan Kudarat,PH126500000,50518
REGION XII (SOCCSKSARGEN),Sultan Kudarat,PH126500000,91511
REGION XII (SOCCSKSARGEN),Sultan Kudarat,PH126500000,68022
REGION XII (SOCCSKSARGEN),Sultan Kudarat,PH126500000,86772
REGION XII (SOCCSKSARGEN),Sultan Kudarat,PH126500000,94655
REGION XII (SOCCSKSARGEN),Sultan Kudarat,PH126500000,42692
REGION XII (SOCCSKSARGEN),Sultan Kudarat,PH126500000,104368
REGION XII (SOCCSKSARGEN),Sultan Kudarat,PH126500000,48719
REGION XII (SOCCSKSARGEN),Sarangani,PH128000000,84221
REGION XII (SOCCSKSARGEN),Sarangani,PH128000000,128909
REGION XII (SOCCSKSARGEN),Sarangani,PH128000000,66694
REGION XII (SOCCSKSARGEN),Sarangani,PH128000000,65542
REGION XII (SOCCSKSARGEN),Sarangani,PH128000000,46960
REGION XII (SOCCSKSARGEN),Sarangani,PH128000000,80460
REGION XII (SOCCSKSARGEN),Sarangani,PH128000000,111005
REGION XII (SOCCSKSARGEN),Cotabato City (Not A Province),PH129800000,309498
National Capital Region (NCR),"Ncr, First District (Not A Province)",PH133900000,1886920
National Capital Region (NCR),"Ncr, Second District (Not A Province)",PH137400000,444211
National Capital Region (NCR),"Ncr, Second District (Not A Province)",PH137400000,476108
National Capital Region (NCR),"Ncr, Second District (Not A Province)",PH137400000,836915
National Capital Region (NCR),"Ncr, Second District (Not A Province)",PH137400000,3080813
National Capital Region (NCR),"Ncr, Second District (Not A Province)",PH137400000,122886
National Capital Region (NCR),"Ncr, Third District (Not A Province)",PH137500000,1659171
National Capital Region (NCR),"Ncr, Third District (Not A Province)",PH137500000,374431
National Capital Region (NCR),"Ncr, Third District (Not A Province)",PH137500000,249774
National Capital Region (NCR),"Ncr, Third District (Not A Province)",PH137500000,657446
National Capital Region (NCR),"Ncr, Fourth District (Not A Province)",PH137600000,621292
National Capital Region (NCR),"Ncr, Fourth District (Not A Province)",PH137600000,636947
National Capital Region (NCR),"Ncr, Fourth District (Not A Province)",PH137600000,545540
National Capital Region (NCR),"Ncr, Fourth District (Not A Province)",PH137600000,741227
National Capital Region (NCR),"Ncr, Fourth District (Not A Province)",PH137600000,433585
National Capital Region (NCR),"Ncr, Fourth District (Not A Province)",PH137600000,65319
National Capital Region (NCR),"Ncr, Fourth District (Not A Province)",PH137600000,972071
Cordillera Administrative Region (CAR),Abra,PH140100000,50872
Cordillera Administrative Region (CAR),Abra,PH140100000,3598
Cordillera Administrative Region (CAR),Abra,PH140100000,17236
Cordillera Administrative Region (CAR),Abra,PH140100000,2624
Cordillera Administrative Region (CAR),Abra,PH140100000,2259
Cordillera Administrative Region (CAR),Abra,PH140100000,4222
Cordillera Administrative Region (CAR),Abra,PH140100000,11395
Cordillera Administrative Region (CAR),Abra,PH140100000,15736
Cordillera Administrative Region (CAR),Abra,PH140100000,3640
Cordillera Administrative Region (CAR),Abra,PH140100000,14451
Cordillera Administrative Region (CAR),Abra,PH140100000,4547
Cordillera Administrative Region (CAR),Abra,PH140100000,3232
Cordillera Administrative Region (CAR),Abra,PH140100000,4722
Cordillera Administrative Region (CAR),Abra,PH140100000,6384
Cordillera Administrative Region (CAR),Abra,PH140100000,3452
Cordillera Administrative Region (CAR),Abra,PH140100000,10875
Cordillera Administrative Region (CAR),Abra,PH140100000,6710
Cordillera Administrative Region (CAR),Abra,PH140100000,12642
Cordillera Administrative Region (CAR),Abra,PH140100000,10369
Cordillera Administrative Region (CAR),Abra,PH140100000,6947
Cordillera Administrative Region (CAR),Abra,PH140100000,4606
Cordillera Administrative Region (CAR),Abra,PH140100000,9937
Cordillera Administrative Region (CAR),Abra,PH140100000,5553
Cordillera Administrative Region (CAR),Abra,PH140100000,14754
Cordillera Administrative Region (CAR),Abra,PH140100000,5451
Cordillera Administrative Region (CAR),Abra,PH140100000,5739
Cordillera Administrative Region (CAR),Abra,PH140100000,5449
Cordillera Administrative Region (CAR),Benguet,PH141100000,20336
Cordillera Administrative Region (CAR),Benguet,PH141100000,363663
Cordillera Administrative Region (CAR),Benguet,PH141100000,16820
Cordillera Administrative Region (CAR),Benguet,PH141100000,14533
Cordillera Administrative Region (CAR),Benguet,PH141100000,47016
Cordillera Administrative Region (CAR),Benguet,PH141100000,62185
Cordillera Administrative Region (CAR),Benguet,PH141100000,16613
Cordillera Administrative Region (CAR),Benguet,PH141100000,19962
Cordillera Administrative Region (CAR),Benguet,PH141100000,17891
Cordillera Administrative Region (CAR),Benguet,PH141100000,150139
Cordillera Administrative Region (CAR),Benguet,PH141100000,37106
Cordillera Administrative Region (CAR),Benguet,PH141100000,12129
Cordillera Administrative Region (CAR),Benguet,PH141100000,51368
Cordillera Administrative Region (CAR),Benguet,PH141100000,18791
Cordillera Administrative Region (CAR),Ifugao,PH142700000,22261
Cordillera Administrative Region (CAR),Ifugao,PH142700000,9582
Cordillera Administrative Region (CAR),Ifugao,PH142700000,17617
Cordillera Administrative Region (CAR),Ifugao,PH142700000,19895
Cordillera Administrative Region (CAR),Ifugao,PH142700000,26406
Cordillera Administrative Region (CAR),Ifugao,PH142700000,17691
Cordillera Administrative Region (CAR),Ifugao,PH142700000,34242
Cordillera Administrative Region (CAR),Ifugao,PH142700000,19908
Cordillera Administrative Region (CAR),Ifugao,PH142700000,9406
Cordillera Administrative Region (CAR),Ifugao,PH142700000,18049
Cordillera Administrative Region (CAR),Ifugao,PH142700000,15612
Cordillera Administrative Region (CAR),Kalinga,PH143200000,12475
Cordillera Administrative Region (CAR),Kalinga,PH143200000,8480
Cordillera Administrative Region (CAR),Kalinga,PH143200000,9812
Cordillera Administrative Region (CAR),Kalinga,PH143200000,33586
Cordillera Administrative Region (CAR),Kalinga,PH143200000,17724
Cordillera Administrative Region (CAR),Kalinga,PH143200000,114821
Cordillera Administrative Region (CAR),Kalinga,PH143200000,10212
Cordillera Administrative Region (CAR),Kalinga,PH143200000,13120
Cordillera Administrative Region (CAR),Mountain Province,PH144400000,4288
Cordillera Administrative Region (CAR),Mountain Province,PH144400000,31714
Cordillera Administrative Region (CAR),Mountain Province,PH144400000,6340
Cordillera Administrative Region (CAR),Mountain Province,PH144400000,25113
Cordillera Administrative Region (CAR),Mountain Province,PH144400000,10417
Cordillera Administrative Region (CAR),Mountain Province,PH144400000,29557
Cordillera Administrative Region (CAR),Mountain Province,PH144400000,9821
Cordillera Administrative Region (CAR),Mountain Province,PH144400000,8958
Cordillera Administrative Region (CAR),Mountain Province,PH144400000,11223
Cordillera Administrative Region (CAR),Mountain Province,PH144400000,19556
Cordillera Administrative Region (CAR),Apayao,PH148100000,13327
Cordillera Administrative Region (CAR),Apayao,PH148100000,26760
Cordillera Administrative Region (CAR),Apayao,PH148100000,17789
Cordillera Administrative Region (CAR),Apayao,PH148100000,15545
Cordillera Administrative Region (CAR),Apayao,PH148100000,19599
Cordillera Administrative Region (CAR),Apayao,PH148100000,16091
Cordillera Administrative Region (CAR),Apayao,PH148100000,14788
BANGSAMORO AUTONOMOUS REGION IN MUSLIM MINDANAO (BARMM),Basilan,PH150700000,79539
BANGSAMORO AUTONOMOUS REGION IN MUSLIM MINDANAO (BARMM),Basilan,PH150700000,27685
BANGSAMORO AUTONOMOUS REGION IN MUSLIM MINDANAO (BARMM),Basilan,PH150700000,46390
BANGSAMORO AUTONOMOUS REGION IN MUSLIM MINDANAO (BARMM),Basilan,PH150700000,45677
BANGSAMORO AUTONOMOUS REGION IN MUSLIM MINDANAO (BARMM),Basilan,PH150700000,20800
BANGSAMORO AUTONOMOUS REGION IN MUSLIM MINDANAO (BARMM),Basilan,PH150700000,20923
BANGSAMORO AUTONOMOUS REGION IN MUSLIM MINDANAO (BARMM),Basilan,PH150700000,20621
BANGSAMORO AUTONOMOUS REGION IN MUSLIM MINDANAO (BARMM),Basilan,PH150700000,21771
BANGSAMORO AUTONOMOUS REGION IN MUSLIM MINDANAO (BARMM),Basilan,PH150700000,21371
BANGSAMORO AUTONOMOUS REGION IN MUSLIM MINDANAO (BARMM),Basilan,PH150700000,19630
BANGSAMORO AUTONOMOUS REGION IN MUSLIM MINDANAO (BARMM),Basilan,PH150700000,33888
BANGSAMORO AUTONOMOUS REGION IN MUSLIM MINDANAO (BARMM),Basilan,PH150700000,28402
BANGSAMORO AUTONOMOUS REGION IN MUSLIM MINDANAO (BARMM),Lanao Del Sur,PH153600000,22890
BANGSAMORO AUTONOMOUS REGION IN MUSLIM MINDANAO (BARMM),Lanao Del Sur,PH153600000,28069
BANGSAMORO AUTONOMOUS REGION IN MUSLIM MINDANAO (BARMM),Lanao Del Sur,PH153600000,32016
BANGSAMORO AUTONOMOUS REGION IN MUSLIM MINDANAO (BARMM),Lanao Del Sur,PH153600000,26165
BANGSAMORO AUTONOMOUS REGION IN MUSLIM MINDANAO (BARMM),Lanao Del Sur,PH153600000,24440
BANGSAMORO AUTONOMOUS REGION IN MUSLIM MINDANAO (BARMM),Lanao Del Sur,PH153600000,25040
BANGSAMORO AUTONOMOUS REGION IN MUSLIM MINDANAO (BARMM),Lanao Del Sur,PH153600000,21846
BANGSAMORO AUTONOMOUS REGION IN MUSLIM MINDANAO (BARMM),Lanao Del Sur,PH153600000,25614
BANGSAMORO AUTONOMOUS REGION IN MUSLIM MINDANAO (BARMM),Lanao Del Sur,PH153600000,20137
BANGSAMORO AUTONOMOUS REGION IN MUSLIM MINDANAO (BARMM),Lanao Del Sur,PH153600000,39445
BANGSAMORO AUTONOMOUS REGION IN MUSLIM MINDANAO (BARMM),Lanao Del Sur,PH153600000,21324
BANGSAMORO AUTONOMOUS REGION IN MUSLIM MINDANAO (BARMM),Lanao Del Sur,PH153600000,25808
BANGSAMORO AUTONOMOUS REGION IN MUSLIM MINDANAO (BARMM),Lanao Del Sur,PH153600000,19814
BANGSAMORO AUTONOMOUS REGION IN MUSLIM MINDANAO (BARMM),Lanao Del Sur,PH153600000,48758
BANGSAMORO AUTONOMOUS REGION IN MUSLIM MINDANAO (BARMM),Lanao Del Sur,PH153600000,37173
BANGSAMORO AUTONOMOUS REGION IN MUSLIM MINDANAO (BARMM),Lanao Del Sur,PH153600000,213341
BANGSAMORO AUTONOMOUS REGION IN MUSLIM MINDANAO (BARMM),Lanao Del Sur,PH153600000,32990
BANGSAMORO AUTONOMOUS REGION IN MUSLIM MINDANAO (BARMM),Lanao Del Sur,PH153600000,17928
BANGSAMORO AUTONOMOUS REGION IN MUSLIM MINDANAO (BARMM),Lanao Del Sur,PH153600000,14845
BANGSAMORO AUTONOMOUS REGION IN MUSLIM MINDANAO (BARMM),Lanao Del Sur,PH153600000,28744
BANGSAMORO AUTONOMOUS REGION IN MUSLIM MINDANAO (BARMM),Lanao Del Sur,PH153600000,25077
BANGSAMORO AUTONOMOUS REGION IN MUSLIM MINDANAO (BARMM),Lanao Del Sur,PH153600000,14476
BANGSAMORO AUTONOMOUS REGION IN MUSLIM MINDANAO (BARMM),Lanao Del Sur,PH153600000,24088
BANGSAMORO AUTONOMOUS REGION IN MUSLIM MINDANAO (BARMM),Lanao Del Sur,PH153600000,26196
BANGSAMORO AUTONOMOUS REGION IN MUSLIM MINDANAO (BARMM),Lanao Del Sur,PH153600000,29212
BANGSAMORO AUTONOMOUS REGION IN MUSLIM MINDANAO (BARMM),Lanao Del Sur,PH153600000,26165
BANGSAMORO AUTONOMOUS REGION IN MUSLIM MINDANAO (BARMM),Lanao Del Sur,PH153600000,16431
BANGSAMORO AUTONOMOUS REGION IN MUSLIM MINDANAO (BARMM),Lanao Del Sur,PH153600000,25015
BANGSAMORO AUTONOMOUS REGION IN MUSLIM MINDANAO (BARMM),Lanao Del Sur,PH153600000,50780
BANGSAMORO AUTONOMOUS REGION IN MUSLIM MINDANAO (BARMM),Lanao Del Sur,PH153600000,23934
BANGSAMORO AUTONOMOUS REGION IN MUSLIM MINDANAO (BARMM),Lanao Del Sur,PH153600000,15401
BANGSAMORO AUTONOMOUS REGION IN MUSLIM MINDANAO (BARMM),Lanao Del Sur,PH153600000,16333
BANGSAMORO AUTONOMOUS REGION IN MUSLIM MINDANAO (BARMM),Lanao Del Sur,PH153600000,27408
BANGSAMORO AUTONOMOUS REGION IN MUSLIM MINDANAO (BARMM),Lanao Del Sur,PH153600000,19041
BANGSAMORO AUTONOMOUS REGION IN MUSLIM MINDANAO (BARMM),Lanao Del Sur,PH153600000,18297
BANGSAMORO AUTONOMOUS REGION IN MUSLIM MINDANAO (BARMM),Lanao Del Sur,PH153600000,12066
BANGSAMORO AUTONOMOUS REGION IN MUSLIM MINDANAO (BARMM),Lanao Del Sur,PH153600000,12385
BANGSAMORO AUTONOMOUS REGION IN MUSLIM MINDANAO (BARMM),Lanao Del Sur,PH153600000,17506
BANGSAMORO AUTONOMOUS REGION IN MUSLIM MINDANAO (BARMM),Lanao Del Sur,PH153600000,11896
BANGSAMORO AUTONOMOUS REGION IN MUSLIM MINDANAO (BARMM),Lanao Del Sur,PH153600000,8193
BANGSAMORO AUTONOMOUS REGION IN MUSLIM MINDANAO (BARMM),Maguindanao,PH153800000,27464
BANGSAMORO AUTONOMOUS REGION IN MUSLIM MINDANAO (BARMM),Maguindanao,PH153800000,36201
BANGSAMORO AUTONOMOUS REGION IN MUSLIM MINDANAO (BARMM),Maguindanao,PH153800000,57898
BANGSAMORO AUTONOMOUS REGION IN MUSLIM MINDANAO (BARMM),Maguindanao,PH153800000,31630
BANGSAMORO AUTONOMOUS REGION IN MUSLIM MINDANAO (BARMM),Maguindanao,PH153800000,23877
BANGSAMORO AUTONOMOUS REGION IN MUSLIM MINDANAO (BARMM),Maguindanao,PH153800000,108005
BANGSAMORO AUTONOMOUS REGION IN MUSLIM MINDANAO (BARMM),Maguindanao,PH153800000,32313
BANGSAMORO AUTONOMOUS REGION IN MUSLIM MINDANAO (BARMM),Maguindanao,PH153800000,32653
BANGSAMORO AUTONOMOUS REGION IN MUSLIM MINDANAO (BARMM),Maguindanao,PH153800000,43075
BANGSAMORO AUTONOMOUS REGION IN MUSLIM MINDANAO (BARMM),Maguindanao,PH153800000,100969
BANGSAMORO AUTONOMOUS REGION IN MUSLIM MINDANAO (BARMM),Maguindanao,PH153800000,98888
BANGSAMORO AUTONOMOUS REGION IN MUSLIM MINDANAO (BARMM),Maguindanao,PH153800000,22864
BANGSAMORO AUTONOMOUS REGION IN MUSLIM MINDANAO (BARMM),Maguindanao,PH153800000,17777
BANGSAMORO AUTONOMOUS REGION IN MUSLIM MINDANAO (BARMM),Maguindanao,PH153800000,58915
BANGSAMORO AUTONOMOUS REGION IN MUSLIM MINDANAO (BARMM),Maguindanao,PH153800000,35774
BANGSAMORO AUTONOMOUS REGION IN MUSLIM MINDANAO (BARMM),Maguindanao,PH153800000,43045
BANGSAMORO AUTONOMOUS REGION IN MUSLIM MINDANAO (BARMM),Maguindanao,PH153800000,33174
BANGSAMORO AUTONOMOUS REGION IN MUSLIM MINDANAO (BARMM),Maguindanao,PH153800000,30340
BANGSAMORO AUTONOMOUS REGION IN MUSLIM MINDANAO (BARMM),Maguindanao,PH153800000,25756
BANGSAMORO AUTONOMOUS REGION IN MUSLIM MINDANAO (BARMM),Maguindanao,PH153800000,15511
BANGSAMORO AUTONOMOUS REGION IN MUSLIM MINDANAO (BARMM),Maguindanao,PH153800000,35895
BANGSAMORO AUTONOMOUS REGION IN MUSLIM MINDANAO (BARMM),Maguindanao,PH153800000,20840
BANGSAMORO AUTONOMOUS REGION IN MUSLIM MINDANAO (BARMM),Maguindanao,PH153800000,23123
BANGSAMORO AUTONOMOUS REGION IN MUSLIM MINDANAO (BARMM),Maguindanao,PH153800000,20771
BANGSAMORO AUTONOMOUS REGION IN MUSLIM MINDANAO (BARMM),Maguindanao,PH153800000,31835
BANGSAMORO AUTONOMOUS REGION IN MUSLIM MINDANAO (BARMM),Maguindanao,PH153800000,12045
BANGSAMORO AUTONOMOUS REGION IN MUSLIM MINDANAO (BARMM),Maguindanao,PH153800000,26185
BANGSAMORO AUTONOMOUS REGION IN MUSLIM MINDANAO (BARMM),Maguindanao,PH153800000,25253
BANGSAMORO AUTONOMOUS REGION IN MUSLIM MINDANAO (BARMM),Maguindanao,PH153800000,34762
BANGSAMORO AUTONOMOUS REGION IN MUSLIM MINDANAO (BARMM),Maguindanao,PH153800000,31252
BANGSAMORO AUTONOMOUS REGION IN MUSLIM MINDANAO (BARMM),Maguindanao,PH153800000,38470
BANGSAMORO AUTONOMOUS REGION IN MUSLIM MINDANAO (BARMM),Maguindanao,PH153800000,41290
BANGSAMORO AUTONOMOUS REGION IN MUSLIM MINDANAO (BARMM),Maguindanao,PH153800000,32432
BANGSAMORO AUTONOMOUS REGION IN MUSLIM MINDANAO (BARMM),Maguindanao,PH153800000,35205
BANGSAMORO AUTONOMOUS REGION IN MUSLIM MINDANAO (BARMM),Maguindanao,PH153800000,15240
BANGSAMORO AUTONOMOUS REGION IN MUSLIM MINDANAO (BARMM),Maguindanao,PH153800000,22324
BANGSAMORO AUTONOMOUS REGION IN MUSLIM MINDANAO (BARMM),Sulu,PH156600000,93890
BANGSAMORO AUTONOMOUS REGION IN MUSLIM MINDANAO (BARMM),Sulu,PH156600000,128476
BANGSAMORO AUTONOMOUS REGION IN MUSLIM MINDANAO (BARMM),Sulu,PH156600000,35178
BANGSAMORO AUTONOMOUS REGION IN MUSLIM MINDANAO (BARMM),Sulu,PH156600000,32978
BANGSAMORO AUTONOMOUS REGION IN MUSLIM MINDANAO (BARMM),Sulu,PH156600000,47516
BANGSAMORO AUTONOMOUS REGION IN MUSLIM MINDANAO (BARMM),Sulu,PH156600000,6616
BANGSAMORO AUTONOMOUS REGION IN MUSLIM MINDANAO (BARMM),Sulu,PH156600000,42223
BANGSAMORO AUTONOMOUS REGION IN MUSLIM MINDANAO (BARMM),Sulu,PH156600000,31386
BANGSAMORO AUTONOMOUS REGION IN MUSLIM MINDANAO (BARMM),Sulu,PH156600000,63622
BANGSAMORO AUTONOMOUS REGION IN MUSLIM MINDANAO (BARMM),Sulu,PH156600000,30747
BANGSAMORO AUTONOMOUS REGION IN MUSLIM MINDANAO (BARMM),Sulu,PH156600000,86198
BANGSAMORO AUTONOMOUS REGION IN MUSLIM MINDANAO (BARMM),Sulu,PH156600000,69275
BANGSAMORO AUTONOMOUS REGION IN MUSLIM MINDANAO (BARMM),Sulu,PH156600000,82127
BANGSAMORO AUTONOMOUS REGION IN MUSLIM MINDANAO (BARMM),Sulu,PH156600000,19240
BANGSAMORO AUTONOMOUS REGION IN MUSLIM MINDANAO (BARMM),Sulu,PH156600000,30797
BANGSAMORO AUTONOMOUS REGION IN MUSLIM MINDANAO (BARMM),Sulu,PH156600000,29339
BANGSAMORO AUTONOMOUS REGION IN MUSLIM MINDANAO (BARMM),Sulu,PH156600000,22999
BANGSAMORO AUTONOMOUS REGION IN MUSLIM MINDANAO (BARMM),Sulu,PH156600000,28294
BANGSAMORO AUTONOMOUS REGION IN MUSLIM MINDANAO (BARMM),Sulu,PH156600000,32689
BANGSAMORO AUTONOMOUS REGION IN MUSLIM MINDANAO (BARMM),Tawi-Tawi,PH157000000,47213
BANGSAMORO AUTONOMOUS REGION IN MUSLIM MINDANAO (BARMM),Tawi-Tawi,PH157000000,117793
BANGSAMORO AUTONOMOUS REGION IN MUSLIM MINDANAO (BARMM),Tawi-Tawi,PH157000000,27513
BANGSAMORO AUTONOMOUS REGION IN MUSLIM MINDANAO (BARMM),Tawi-Tawi,PH157000000,30761
BANGSAMORO AUTONOMOUS REGION IN MUSLIM MINDANAO (BARMM),Tawi-Tawi,PH157000000,34412
BANGSAMORO AUTONOMOUS REGION IN MUSLIM MINDANAO (BARMM),Tawi-Tawi,PH157000000,24831
BANGSAMORO AUTONOMOUS REGION IN MUSLIM MINDANAO (BARMM),Tawi-Tawi,PH157000000,30341
BANGSAMORO AUTONOMOUS REGION IN MUSLIM MINDANAO (BARMM),Tawi-Tawi,PH157000000,5486
BANGSAMORO AUTONOMOUS REGION IN MUSLIM MINDANAO (BARMM),Tawi-Tawi,PH157000000,32058
BANGSAMORO AUTONOMOUS REGION IN MUSLIM MINDANAO (BARMM),Tawi-Tawi,PH157000000,31917
BANGSAMORO AUTONOMOUS REGION IN MUSLIM MINDANAO (BARMM),Tawi-Tawi,PH157000000,31365
Region XIII (Caraga),Agusan Del Norte,PH160200000,66548
Region XIII (Caraga),Agusan Del Norte,PH160200000,361197
Region XIII (Caraga),Agusan Del Norte,PH160200000,77226
Region XIII (Caraga),Agusan Del Norte,PH160200000,21661
Region XIII (Caraga),Agusan Del Norte,PH160200000,23863
Region XIII (Caraga),Agusan Del Norte,PH160200000,19745
Region XIII (Caraga),Agusan Del Norte,PH160200000,29654
Region XIII (Caraga),Agusan Del Norte,PH160200000,21632
Region XIII (Caraga),Agusan Del Norte,PH160200000,43486
Region XIII (Caraga),Agusan Del Norte,PH160200000,27414
Region XIII (Caraga),Agusan Del Norte,PH160200000,29747
Region XIII (Caraga),Agusan Del Norte,PH160200000,16602
Region XIII (Caraga),Agusan Del Sur,PH160300000,105424
Region XIII (Caraga),Agusan Del Sur,PH160300000,52270
Region XIII (Caraga),Agusan Del Sur,PH160300000,56081
Region XIII (Caraga),Agusan Del Sur,PH160300000,28867
Region XIII (Caraga),Agusan Del Sur,PH160300000,44293
Region XIII (Caraga),Agusan Del Sur,PH160300000,86238
Region XIII (Caraga),Agusan Del Sur,PH160300000,54670
Region XIII (Caraga),Agusan Del Sur,PH160300000,76283
Region XIII (Caraga),Agusan Del Sur,PH160300000,32765
Region XIII (Caraga),Agusan Del Sur,PH160300000,27513
Region XIII (Caraga),Agusan Del Sur,PH160300000,39258
Region XIII (Caraga),Agusan Del Sur,PH160300000,54484
Region XIII (Caraga),Agusan Del Sur,PH160300000,45692
Region XIII (Caraga),Agusan Del Sur,PH160300000,31144
Region XIII (Caraga),Surigao Del Norte,PH166700000,17375
Region XIII (Caraga),Surigao Del Norte,PH166700000,15657
Region XIII (Caraga),Surigao Del Norte,PH166700000,4112
Region XIII (Caraga),Surigao Del Norte,PH166700000,44013
Region XIII (Caraga),Surigao Del Norte,PH166700000,24392
Region XIII (Caraga),Surigao Del Norte,PH166700000,19484
Region XIII (Caraga),Surigao Del Norte,PH166700000,18444
Region XIII (Caraga),Surigao Del Norte,PH166700000,22824
Region XIII (Caraga),Surigao Del Norte,PH166700000,27622
Region XIII (Caraga),Surigao Del Norte,PH166700000,18190
Region XIII (Caraga),Surigao Del Norte,PH166700000,9952
Region XIII (Caraga),Surigao Del Norte,PH166700000,29405
Region XIII (Caraga),Surigao Del Norte,PH166700000,5509
Region XIII (Caraga),Surigao Del Norte,PH166700000,15658
Region XIII (Caraga),Surigao Del Norte,PH166700000,7605
Region XIII (Caraga),Surigao Del Norte,PH166700000,9032
Region XIII (Caraga),Surigao Del Norte,PH166700000,14943
Region XIII (Caraga),Surigao Del Norte,PH166700000,24168
Region XIII (Caraga),Surigao Del Norte,PH166700000,166627
Region XIII (Caraga),Surigao Del Norte,PH166700000,17340
Region XIII (Caraga),Surigao Del Norte,PH166700000,15796
Region XIII (Caraga),Surigao Del Sur,PH166800000,54910
Region XIII (Caraga),Surigao Del Sur,PH166800000,8378
Region XIII (Caraga),Surigao Del Sur,PH166800000,93924
Region XIII (Caraga),Surigao Del Sur,PH166800000,21461
Region XIII (Caraga),Surigao Del Sur,PH166800000,32304
Region XIII (Caraga),Surigao Del Sur,PH166800000,10614
Region XIII (Caraga),Surigao Del Sur,PH166800000,28715
Region XIII (Caraga),Surigao Del Sur,PH166800000,16323
Region XIII (Caraga),Surigao Del Sur,PH166800000,40871
Region XIII (Caraga),Surigao Del Sur,PH166800000,12329
Region XIII (Caraga),Surigao Del Sur,PH166800000,30261
Region XIII (Caraga),Surigao Del Sur,PH166800000,31500
Region XIII (Caraga),Surigao Del Sur,PH166800000,15616
Region XIII (Caraga),Surigao Del Sur,PH166800000,19059
Region XIII (Caraga),Surigao Del Sur,PH166800000,24487
Region XIII (Caraga),Surigao Del Sur,PH166800000,41619
Region XIII (Caraga),Surigao Del Sur,PH166800000,42195
Region XIII (Caraga),Surigao Del Sur,PH166800000,36469
Region XIII (Caraga),Surigao Del Sur,PH166800000,59496
Region XIII (Caraga),Dinagat Islands,PH168500000,38540
Region XIII (Caraga),Dinagat Islands,PH168500000,17945
Region XIII (Caraga),Dinagat Islands,PH168500000,10645
Region XIII (Caraga),Dinagat Islands,PH168500000,17902
Region XIII (Caraga),Dinagat Islands,PH168500000,9437
Region XIII (Caraga),Dinagat Islands,PH168500000,27521
Region XIII (Caraga),Dinagat Islands,PH168500000,8681
MIMAROPA Region,Marinduque,PH174000000,56519
MIMAROPA Region,Marinduque,PH174000000,24844
MIMAROPA Region,Marinduque,PH174000000,36225
MIMAROPA Region,Marinduque,PH174000000,34678
MIMAROPA Region,Marinduque,PH174000000,57115
MIMAROPA Region,Marinduque,PH174000000,31655
MIMAROPA Region,Occidental Mindoro,PH175100000,32596
MIMAROPA Region,Occidental Mindoro,PH175100000,30740
MIMAROPA Region,Occidental Mindoro,PH175100000,10402
MIMAROPA Region,Occidental Mindoro,PH175100000,18872
MIMAROPA Region,Occidental Mindoro,PH175100000,39313
MIMAROPA Region,Occidental Mindoro,PH175100000,45686
MIMAROPA Region,Occidental Mindoro,PH175100000,16415
MIMAROPA Region,Occidental Mindoro,PH175100000,41204
MIMAROPA Region,Occidental Mindoro,PH175100000,88179
MIMAROPA Region,Occidental Mindoro,PH175100000,152224
MIMAROPA Region,Occidental Mindoro,PH175100000,39503
MIMAROPA Region,Oriental Mindoro,PH175200000,39215
MIMAROPA Region,Oriental Mindoro,PH175200000,43488
MIMAROPA Region,Oriental Mindoro,PH175200000,77367
MIMAROPA Region,Oriental Mindoro,PH175200000,44730
MIMAROPA Region,Oriental Mindoro,PH175200000,143181
MIMAROPA Region,Oriental Mindoro,PH175200000,47973
MIMAROPA Region,Oriental Mindoro,PH175200000,57121
MIMAROPA Region,Oriental Mindoro,PH175200000,111260
MIMAROPA Region,Oriental Mindoro,PH175200000,90300
MIMAROPA Region,Oriental Mindoro,PH175200000,36263
MIMAROPA Region,Oriental Mindoro,PH175200000,40752
MIMAROPA Region,Oriental Mindoro,PH175200000,56341
MIMAROPA Region,Oriental Mindoro,PH175200000,20045
MIMAROPA Region,Oriental Mindoro,PH175200000,40791
MIMAROPA Region,Oriental Mindoro,PH175200000,52443
MIMAROPA Region,Palawan,PH175300000,37696
MIMAROPA Region,Palawan,PH175300000,13179
MIMAROPA Region,Palawan,PH175300000,15925
MIMAROPA Region,Palawan,PH175300000,45390
MIMAROPA Region,Palawan,PH175300000,89823
MIMAROPA Region,Palawan,PH175300000,71007
MIMAROPA Region,Palawan,PH175300000,23180
MIMAROPA Region,Palawan,PH175300000,6586
MIMAROPA Region,Palawan,PH175300000,59574
MIMAROPA Region,Palawan,PH175300000,23974
MIMAROPA Region,Palawan,PH175300000,25803
MIMAROPA Region,Palawan,PH175300000,46328
MIMAROPA Region,Palawan,PH175300000,16990
MIMAROPA Region,Palawan,PH175300000,12780
MIMAROPA Region,Palawan,PH175300000,80195
MIMAROPA Region,Palawan,PH175300000,283418
MIMAROPA Region,Palawan,PH175300000,67989
MIMAROPA Region,Palawan,PH175300000,70681
MIMAROPA Region,Palawan,PH175300000,32838
MIMAROPA Region,Palawan,PH175300000,79336
MIMAROPA Region,Palawan,PH175300000,193
MIMAROPA Region,Palawan,PH175300000,21175
MIMAROPA Region,Palawan,PH175300000,56492
MIMAROPA Region,Palawan,PH175300000,35457
MIMAROPA Region,Romblon,PH175900000,17210
MIMAROPA Region,Romblon,PH175900000,5600
MIMAROPA Region,Romblon,PH175900000,22429
MIMAROPA Region,Romblon,PH175900000,10731
MIMAROPA Region,Romblon,PH175900000,4083
MIMAROPA Region,Romblon,PH175900000,10586
MIMAROPA Region,Romblon,PH175900000,22591
MIMAROPA Region,Romblon,PH175900000,14638
MIMAROPA Region,Romblon,PH175900000,46860
MIMAROPA Region,Romblon,PH175900000,39360
MIMAROPA Region,Romblon,PH175900000,22985
MIMAROPA Region,Romblon,PH175900000,16082
MIMAROPA Region,Romblon,PH175900000,23974
MIMAROPA Region,Romblon,PH175900000,11424
MIMAROPA Region,Romblon,PH175900000,16427
MIMAROPA Region,Romblon,PH175900000,7096
MIMAROPA Region,Romblon,PH175900000,9331
